Symbol,Market Cap,Sector
A,39871500053.00,Industrials
AA,11257166471.00,Industrials
AAL,9921100020.00,Consumer Discretionary
AAMI,1658331533.00,Finance
AAOI,2074298308.00,Technology
AAON,6665420836.00,Industrials
AAP,2779630166.00,Consumer Discretionary
AAPG,2617223349.00,Health Care
AAPL,4095709524540.00,Technology
AAT,1163121349.00,Real Estate
AAUC,2728000000.00,
AB,3693416058.00,Finance
ABBV,394109099090.00,Health Care
ABCB,5194683550.00,Finance
ABCL,1084369158.00,Health Care
ABEV,38671701286.00,Consumer Staples
ABG,4622575881.00,Consumer Discretionary
ABLLL,1892404181.00,Finance
ABM,2734705751.00,Consumer Discretionary
ABNB,77183783905.00,Consumer Discretionary
ABR,1745738864.00,Real Estate
ABT,210838223574.00,Health Care
ABTC,1901590238.00,Technology
ABVX,9560486440.00,Health Care
ACA,5309614407.00,Industrials
ACAD,4549299059.00,Health Care
ACGL,33332576221.00,Finance
ACGLN,6244418652.00,Finance
ACGLO,7618807220.00,Finance
ACHC,1292536906.00,Health Care
ACHR,5633792043.00,Industrials
ACI,9464568742.00,Consumer Staples
ACIW,4687411633.00,Technology
ACLS,2757372880.00,Technology
ACLX,4096172182.00,Health Care
ACM,13217609866.00,Consumer Discretionary
ACMR,2403023745.00,Technology
ACN,177397031238.00,Real Estate
ACT,5448052289.00,Finance
ACVA,1389421786.00,Real Estate
AD,4255200000.00,Telecommunications
ADAMI,2295283238.00,Real Estate
ADAML,2035790133.00,Real Estate
ADAMM,2246857467.00,Real Estate
ADAMN,2019010948.00,Real Estate
ADAMZ,1740176659.00,Real Estate
ADBE,144132352000.00,Technology
ADC,8194822007.00,Real Estate
ADEA,1401730445.00,Technology
ADI,135262047755.00,Technology
ADM,27906684511.00,Consumer Staples
ADMA,4712355747.00,Health Care
ADNT,1480132994.00,Consumer Discretionary
ADP,104440799163.00,Industrials
ADPT,2268604694.00,Health Care
ADSK,63759000000.00,Technology
ADT,6558101888.00,Consumer Discretionary
ADUS,2073730590.00,Health Care
AEE,26600470039.00,Utilities
AEG,15828801480.00,Finance
AEIS,8351944351.00,Technology
AEM,83591353758.00,Basic Materials
AEO,4048891712.00,Consumer Discretionary
AEP,62128278424.00,Utilities
AER,26093616533.00,Consumer Discretionary
AERO,2659819146.00,Consumer Discretionary
AES,9941208378.00,Utilities
AESI,1254699560.00,Industrials
AFG,11076828397.00,Finance
AFGB,1822368048.00,Finance
AFGC,1575493475.00,Finance
AFGD,1738130440.00,Finance
AFGE,1412022474.00,Finance
AFL,56614785314.00,Finance
AFRM,22583638312.00,Finance
AFYA,1289848419.00,Real Estate
AG,7564924105.00,Basic Materials
AGCO,7761597100.00,Industrials
AGI,15388575068.00,Basic Materials
AGIO,1565725852.00,Health Care
AGM,1972010107.00,Finance
AGNC,11091966884.00,Real Estate
AGNCL,26764465547.00,Real Estate
AGNCM,26281739715.00,Real Estate
AGNCN,27370554646.00,Real Estate
AGNCO,27118464490.00,Real Estate
AGNCP,26743011065.00,Real Estate
AGNCZ,27665553765.00,
AGO,4080654908.00,Finance
AGX,4618041987.00,Consumer Discretionary
AGYS,3591404000.00,Technology
AHCO,1285176930.00,Health Care
AHL,3398134834.00,Finance
AHR,9308008582.00,Real Estate
AI,2209730627.00,Technology
AIG,41234402047.00,Finance
AIN,1415484000.00,Consumer Discretionary
AIR,2869859660.00,Industrials
AIT,9704818243.00,Consumer Discretionary
AIZ,11138038864.00,Finance
AJG,61608888000.00,Finance
AKAM,12323496201.00,Real Estate
AKR,2604968325.00,Real Estate
AKRO,4498579182.00,Health Care
AL,7148491447.00,Consumer Discretionary
ALAB,28220416161.00,Technology
ALB,15217114947.00,Industrials
ALC,38911466209.00,Health Care
ALE,3936166532.00,Utilities
ALEX,1517013891.00,Real Estate
ALG,1968030124.00,Industrials
ALGM,5361047543.00,Technology
ALGN,11408249205.00,Health Care
ALGT,1512334941.00,Consumer Discretionary
ALH,4342804422.00,Industrials
ALHC,3843762364.00,Health Care
ALIT,1130383021.00,Real Estate
ALK,5746075888.00,Consumer Discretionary
ALKS,4695941956.00,Health Care
ALKT,2325838844.00,Technology
ALL,52611107393.00,Finance
ALLE,13549172278.00,Consumer Discretionary
ALLY,13042972276.00,Finance
ALM,1593914301.00,Basic Materials
ALMS,1193216596.00,Health Care
ALNY,54854978372.00,Health Care
ALRM,2617685606.00,Technology
ALSN,7800195264.00,Consumer Discretionary
ALV,8818817249.00,Consumer Discretionary
ALVO,1678039564.00,Health Care
ALX,1103123567.00,Real Estate
AM,8849189500.00,Utilities
AMAT,212815057949.00,Technology
AMBA,3368700530.00,Technology
AMBP,2319074394.00,Industrials
AMC,1169511319.00,Consumer Discretionary
AMCR,18720799122.00,Consumer Discretionary
AMD,360806566095.00,Technology
AME,45113052992.00,Industrials
AMG,7624621802.00,Finance
AMGN,169002158593.00,Health Care
AMH,11192553823.00,Real Estate
AMKR,11027299225.00,Technology
AMLX,1454011094.00,Health Care
AMP,44428441014.00,Finance
AMPH,1178673263.00,Health Care
AMPL,1516001213.00,Technology
AMPX,1526660905.00,Miscellaneous
AMR,2299786173.00,Energy
AMRC,1705357829.00,Consumer Discretionary
AMRX,3762924152.00,Health Care
AMRZ,29595421512.00,Industrials
AMSC,1469022510.00,Consumer Discretionary
AMT,84055726160.00,Real Estate
AMTM,7025366089.00,Real Estate
AMX,64596990000.00,Telecommunications
AMZN,2436514033227.00,Consumer Discretionary
AN,7865224970.00,Consumer Discretionary
ANAB,1212754986.00,Health Care
ANDE,1670299111.00,Industrials
ANET,163757430503.00,Telecommunications
ANF,4583921298.00,Consumer Discretionary
ANGX,1067646525.00,Consumer Discretionary
ANIP,1834158581.00,Health Care
AON,74408439390.00,Finance
AORT,2048966112.00,Health Care
AOS,9249568250.00,Consumer Discretionary
APA,9359721534.00,Energy
APAM,3361037339.00,Finance
APD,51364924013.00,Basic Materials
APG,15679653033.00,Consumer Discretionary
APGE,5106253915.00,Health Care
APH,169629612299.00,Technology
APLD,9151465747.00,Finance
APLE,2749009541.00,Real Estate
APLS,3008769684.00,Health Care
APO,83517004029.00,Finance
APOS,14836367760.00,Finance
APP,244888952100.00,Technology
APPF,8390154391.00,Technology
APPN,3178087382.00,Technology
APTV,16497663030.00,Consumer Discretionary
AQN,4425097236.00,Utilities
AQNB,19838085776.00,Utilities
AR,11522250900.00,Energy
ARCB,1571944596.00,Industrials
ARCC,15030258600.00,Finance
ARCO,1533627055.00,Consumer Discretionary
ARDT,1229982180.00,Health Care
ARDX,1409250975.00,Health Care
ARE,7827246922.00,Real Estate
ARES,57594337887.00,Finance
ARGX,54245878124.00,Health Care
ARHS,1515022119.00,Consumer Discretionary
ARI,1394996063.00,Real Estate
ARLO,1520989046.00,Consumer Staples
ARLP,3140065187.00,Energy
ARM,150341339378.00,Technology
ARMK,9775889875.00,Consumer Discretionary
ARMN,2908745000.00,
AROC,4438605639.00,Utilities
ARQT,3645367634.00,Health Care
ARR,1874295453.00,Real Estate
ARRY,1251004212.00,Consumer Discretionary
ARW,5855810950.00,Technology
ARWR,9347771877.00,Health Care
ARX,3409374076.00,Finance
AS,21422737403.00,Consumer Discretionary
ASA,1012295069.00,Industrials
ASAN,3580210015.00,Technology
ASB,4340531135.00,Finance
ASBA,3757430294.00,Finance
ASGN,1933029000.00,Consumer Discretionary
ASH,2633363309.00,Consumer Discretionary
ASML,437111257757.00,Technology
ASND,11933373829.00,Health Care
ASO,3535811623.00,Consumer Discretionary
ASR,9189300000.00,Consumer Discretionary
ASTE,1006765762.00,Industrials
ASTH,1201757660.00,Consumer Discretionary
ASTS,26733687997.00,Consumer Discretionary
ASX,35265637021.00,Technology
ATAI,1594512103.00,Health Care
ATAT,5718134652.00,Consumer Discretionary
ATEC,3070532324.00,Health Care
ATEN,1301118474.00,Telecommunications
ATGE,3418516179.00,Real Estate
ATHM,2801194333.00,Technology
ATHS,5142000150.00,Finance
ATI,13507565177.00,Industrials
ATKR,2140118317.00,Miscellaneous
ATMU,4107995086.00,Consumer Discretionary
ATO,26886367910.00,Utilities
ATR,7593448501.00,Industrials
ATRC,1974758763.00,Health Care
ATRO,1893687781.00,Industrials
ATS,2660254641.00,Industrials
AU,40453363358.00,Basic Materials
AUB,4922576970.00,Finance
AUGO,3629574286.00,
AUPH,2047483881.00,Health Care
AUR,8922060264.00,Technology
AVA,3127929762.00,Utilities
AVAH,1907360927.00,Health Care
AVAL,4998001647.00,Finance
AVAV,14051921694.00,Industrials
AVB,24832921454.00,Real Estate
AVBP,1028318703.00,Health Care
AVDL,2081063510.00,Health Care
AVGO,1918649684788.00,Technology
AVNT,2769799747.00,Industrials
AVPT,2939050443.00,Technology
AVT,4005476201.00,Technology
AVTR,7247691951.00,Industrials
AVY,13367465438.00,Consumer Discretionary
AWI,7852753887.00,Industrials
AWK,25005084855.00,Utilities
AWR,2782018652.00,Utilities
AX,4696354206.00,Finance
AXGN,1411803266.00,Health Care
AXIA,26757543965.00,Utilities
AXON,43136406239.00,Industrials
AXP,250680005043.00,Finance
AXS,7633669954.00,Finance
AXSM,7320923581.00,Health Care
AXTA,6067394435.00,Consumer Discretionary
AYI,11357411870.00,Consumer Discretionary
AZN,278572395107.00,Health Care
AZO,58160596999.00,Consumer Discretionary
AZTA,1637218546.00,Technology
AZZ,3180039276.00,Industrials
B,69032922076.00,Basic Materials
BA,152300328923.00,Industrials
BABA,360155225205.00,Real Estate
BAC,390975611747.00,Finance
BAH,10981397908.00,Consumer Discretionary
BAK,1345972583.00,Industrials
BALL,12560560626.00,Industrials
BAM,87704789624.00,Consumer Discretionary
BANC,2886874386.00,Finance
BANF,3626257901.00,Finance
BANR,2196838189.00,Finance
BAP,26076890364.00,Finance
BATRA,2682421132.00,Consumer Discretionary
BATRK,2452121780.00,Consumer Discretionary
BAX,9335253419.00,Health Care
BB,2603492380.00,Technology
BBAI,2929258740.00,Technology
BBAR,3345397031.00,Finance
BBD,35332005157.00,Finance
BBDO,31075137066.00,Finance
BBIO,13811440628.00,Health Care
BBNX,1277154545.00,Health Care
BBT,2158974994.00,Finance
BBU,7489902176.00,Consumer Discretionary
BBUC,3469818953.00,Consumer Discretionary
BBVA,126158318829.00,Finance
BBWI,3893804927.00,Consumer Discretionary
BBY,15331683487.00,Consumer Discretionary
BC,4643612526.00,Industrials
BCAT,1570120200.00,Finance
BCAX,1171074378.00,Health Care
BCC,2667101256.00,Consumer Discretionary
BCE,21587972664.00,Telecommunications
BCH,19041719806.00,Finance
BCO,4757791347.00,Industrials
BCPC,4775030174.00,Industrials
BCRX,1608550231.00,Health Care
BCS,80446743053.00,Finance
BDC,4864972872.00,Industrials
BDJ,1616320274.00,Finance
BDX,53892730800.00,Health Care
BE,25883737027.00,Energy
BEAM,2687056517.00,Health Care
BEKE,19108514267.00,Finance
BELFA,1840972466.00,
BELFB,2119758063.00,
BEN,12221969807.00,Finance
BEP,18548933795.00,Utilities
BEPC,14676313253.00,Utilities
BEPH,4482635347.00,Utilities
BEPI,4672163812.00,Utilities
BEPJ,7199210004.00,Utilities
BETA,7104514726.00,Industrials
BFAM,5540589894.00,Consumer Discretionary
BFC,1281797244.00,Finance
BFH,3354301209.00,Real Estate
BG,17682867748.00,Consumer Staples
BGC,4157793030.00,Finance
BGR,1880580511.00,Finance
BGSI,4601919833.00,
BHC,2519515097.00,Health Care
BHE,1690467940.00,Technology
BHF,3740141016.00,Finance
BHP,149853333258.00,Energy
BHRB,1011269380.00,Finance
BHVN,1109362024.00,Health Care
BIDU,42606964850.00,Technology
BIIB,25796127508.00,Health Care
BILI,10573411238.00,Technology
BILL,5433500053.00,Technology
BIO,8309597922.00,Industrials
BIP,16110897472.00,Consumer Discretionary
BIPC,6089047795.00,Utilities
BIPH,7847460964.00,Utilities
BIPJ,11695069690.00,Utilities
BIRK,8210014419.00,Consumer Discretionary
BITF,1799749693.00,Finance
BJ,11823399527.00,Consumer Discretionary
BK,80843683945.00,Finance
BKD,2514394047.00,Health Care
BKE,2924112742.00,Consumer Discretionary
BKH,5322383463.00,Utilities
BKNG,167479166624.00,Consumer Discretionary
BKR,47059246433.00,Consumer Discretionary
BKT,1625973808.00,Finance
BKU,3381415695.00,Finance
BKV,2789850109.00,Energy
BL,3472236811.00,Technology
BLBD,1606996973.00,Consumer Discretionary
BLCO,5829963845.00,Health Care
BLD,11766793950.00,Consumer Discretionary
BLDR,11612066811.00,Consumer Discretionary
BLFS,1191664139.00,Health Care
BLK,166214720321.00,Finance
BLKB,2935105223.00,Technology
BLLN,4820993509.00,Health Care
BLSH,6740532205.00,Finance
BLTE,5594556772.00,Health Care
BLX,1658530166.00,Finance
BMA,5548829572.00,Finance
BMI,5186682160.00,Industrials
BMNR,15059299340.00,Finance
BMO,89676568394.00,Finance
BMRN,10324224847.00,Health Care
BMY,103110890818.00,Health Care
BN,104857240562.00,Real Estate
BNH,24682636301.00,Real Estate
BNJ,22948669792.00,Real Estate
BNL,3271545280.00,Real Estate
BNS,89555165400.00,Finance
BNT,14369619046.00,Finance
BNTX,23001201563.00,Health Care
BOH,2691461474.00,Finance
BOKF,7320286020.00,Finance
BOOT,6145500614.00,Consumer Discretionary
BORR,1067880940.00,Energy
BOX,4480166147.00,Technology
BP,92740011820.00,Energy
BPOP,7773621344.00,Finance
BPOPM,1671538615.00,Finance
BPYPM,15796944728.00,Finance
BPYPN,13799182977.00,Finance
BPYPO,14855604631.00,Finance
BPYPP,14949166871.00,Finance
BR,26301053594.00,Real Estate
BRBR,3655982044.00,Consumer Staples
BRC,3652421972.00,Consumer Discretionary
BRCB,1175810906.00,Consumer Discretionary
BRK/A,1083004526200.00,
BRK/B,1084247597051.00,
BRKR,6892050292.00,Industrials
BRKRP,53579005609.00,Industrials
BRO,26770804144.00,Finance
BROS,9690353810.00,Consumer Discretionary
BRSL,3091084016.00,Consumer Discretionary
BRX,7683110251.00,Real Estate
BRZE,3410340691.00,Technology
BSAC,14175859889.00,Finance
BSBR,44459382445.00,Finance
BSM,3310240749.00,Energy
BSX,137170361869.00,Health Care
BSY,12530835767.00,Technology
BTDR,2404237941.00,Finance
BTE,2374099530.00,Energy
BTG,6078711059.00,Basic Materials
BTI,124997904289.00,Health Care
BTSG,6389881883.00,Health Care
BTSGU,21748683495.00,Health Care
BTU,3463168000.00,Energy
BTX,1598698060.00,
BTZ,1168939350.00,Finance
BUD,108622678730.00,Consumer Staples
BULL,4729875231.00,Finance
BULLW,1836575943.00,Finance
BUR,2019630985.00,Finance
BURL,16751168997.00,Consumer Discretionary
BUSE,2143035202.00,Finance
BUSEP,2252662416.00,Finance
BV,1182803000.00,Real Estate
BVN,6717952632.00,Basic Materials
BWA,9010652035.00,Consumer Discretionary
BWIN,2635179209.00,Finance
BWLP,1866953618.00,Consumer Discretionary
BWNB,2486999533.00,Industrials
BWXT,16197161967.00,Industrials
BX,115213104893.00,Finance
BXMT,3351120165.00,Real Estate
BXP,10931169891.00,Real Estate
BY,1350292620.00,Finance
BYD,6265419929.00,Consumer Discretionary
BZ,9255523117.00,Technology
C,195799395779.00,Finance
CAAP,4117470164.00,Consumer Discretionary
CACC,5081349797.00,Finance
CACI,13009144335.00,Technology
CADE,7604338232.00,Finance
CAE,8951899856.00,Miscellaneous
CAG,8189380094.00,Consumer Staples
CAH,47043818316.00,Health Care
CAI,7660288959.00,Health Care
CAKE,2365985024.00,Consumer Discretionary
CALM,4184546006.00,Consumer Staples
CALX,3689611252.00,Consumer Discretionary
CAMT,5434861301.00,Technology
CAPR,1416010776.00,Health Care
CAR,4713933139.00,Consumer Discretionary
CARG,3543222932.00,Technology
CARR,44502364828.00,Industrials
CART,12139524255.00,Real Estate
CASH,1633874899.00,Finance
CASY,20941974572.00,Consumer Discretionary
CAT,278148352679.00,Industrials
CATY,3352163972.00,Finance
CAVA,6135665748.00,Consumer Discretionary
CB,118545389748.00,Finance
CBC,5586717147.00,
CBL,1096289941.00,Real Estate
CBOE,28292380125.00,Finance
CBRE,46430459392.00,Finance
CBSH,7240964361.00,Finance
CBT,3473862620.00,Industrials
CBU,3086489870.00,Finance
CBZ,2755976140.00,Real Estate
CC,1858660205.00,Industrials
CCB,1740759797.00,Finance
CCC,4622541523.00,Technology
CCEC,1215448379.00,Consumer Discretionary
CCEP,40835719848.00,Consumer Staples
CCI,39280206702.00,Real Estate
CCJ,40649612271.00,Basic Materials
CCK,10865771615.00,Industrials
CCL,34592195505.00,Consumer Discretionary
CCLDO,1073069057.00,Technology
CCO,1024448681.00,Consumer Discretionary
CCOI,1053157649.00,Consumer Discretionary
CCS,1777161799.00,Consumer Discretionary
CCZ,228654380189.00,Telecommunications
CDE,10320441203.00,Basic Materials
CDLR,1570535188.00,Consumer Discretionary
CDNS,91206389070.00,Technology
CDP,3274050378.00,Real Estate
CDRE,1752611676.00,Health Care
CDTX,6925779038.00,Health Care
CDW,19155393196.00,Technology
CDZIP,1628957548.00,Utilities
CE,4402096739.00,Industrials
CECO,2063259285.00,Industrials
CEG,112158982232.00,Utilities
CELC,4752983724.00,Health Care
CELH,11138902683.00,Consumer Staples
CENT,2052616009.00,Consumer Discretionary
CENTA,1862501255.00,Consumer Discretionary
CENX,2830128500.00,Industrials
CEPU,2551127508.00,Utilities
CERT,1460536775.00,Technology
CET,12135143528.00,Finance
CF,11963255195.00,Industrials
CFG,24025457525.00,Finance
CFLT,10459695232.00,Technology
CFR,8097501031.00,Finance
CG,20774060413.00,Finance
CGABL,6366006363.00,Finance
CGAU,2697144566.00,Basic Materials
CGNX,6405597433.00,Industrials
CGON,3367006311.00,Health Care
CHA,1597905855.00,Consumer Discretionary
CHCO,1771255467.00,Finance
CHD,19841947767.00,Consumer Discretionary
CHDN,7949076588.00,Consumer Discretionary
CHE,5955760714.00,Health Care
CHEF,2451711183.00,Consumer Discretionary
CHH,3905408959.00,Consumer Discretionary
CHKP,21044083481.00,Technology
CHRD,5601232050.00,Energy
CHRW,18018282389.00,Industrials
CHT,32115828717.00,Telecommunications
CHTR,26545743453.00,Telecommunications
CHWY,14452327546.00,Consumer Discretionary
CHYM,9098499280.00,Finance
CI,70176623121.00,Health Care
CIB,8103028624.00,Finance
CIEN,30235333880.00,Utilities
CIFR,7728000576.00,Finance
CIFRW,2066331442.00,Finance
CIG,5838035066.00,Utilities
CIGI,7150912708.00,Finance
CII,3464677950.00,Finance
CIM,1046044700.00,Real Estate
CIMN,2034205381.00,Real Estate
CINF,25195429664.00,Finance
CIVI,2544593830.00,Energy
CL,62050879235.00,Consumer Discretionary
CLBK,1759766248.00,Finance
CLBT,4403854440.00,Technology
CLDX,1866565640.00,Health Care
CLF,6129425529.00,Basic Materials
CLH,12676702854.00,Industrials
CLMT,1717735556.00,Energy
CLOV,1338196162.00,Health Care
CLS,39345975481.00,Technology
CLSK,3795414158.00,Finance
CLVT,2281950988.00,Technology
CLX,12371250038.00,Consumer Discretionary
CM,83747774338.00,Finance
CMA,10698446351.00,Finance
CMBT,2246452320.00,Consumer Discretionary
CMC,7343867733.00,Industrials
CMCM,5271125101.00,Technology
CMCSA,97619933789.00,Telecommunications
CME,97404366288.00,Finance
CMG,44600436940.00,Consumer Discretionary
CMI,69040212300.00,Industrials
CMPO,2542717883.00,Finance
CMPR,1784016701.00,Consumer Discretionary
CMRE,1897790756.00,Consumer Discretionary
CMS,21433241049.00,Utilities
CMSA,6567420014.00,Utilities
CMSC,6956556114.00,Utilities
CMSD,6950569404.00,Utilities
CNA,12090676307.00,Finance
CNC,18717005440.00,Health Care
CNH,11666347692.00,Industrials
CNI,60140505000.00,Industrials
CNK,2880509117.00,Consumer Discretionary
CNL,1035210484.00,
CNM,10179235320.00,Consumer Discretionary
CNMD,1207440526.00,Health Care
CNO,3817001085.00,Finance
CNOB,1341286015.00,Finance
CNOBP,1218614650.00,Finance
CNP,24763293595.00,Utilities
CNQ,70263199110.00,Energy
CNR,4265173483.00,Energy
CNS,3101258493.00,Finance
CNTA,4099984546.00,Health Care
CNX,5414879545.00,Energy
CNXC,2372631000.00,Technology
CNXN,1483156910.00,Consumer Discretionary
COCO,3083178688.00,Consumer Staples
COF,146733673370.00,Finance
COGT,5485767662.00,Health Care
COHR,30288215448.00,Technology
COHU,1175720096.00,Industrials
COIN,74788408251.00,Finance
COKE,13947911438.00,Consumer Staples
COLB,8420255474.00,Finance
COLD,3207461434.00,Real Estate
COLL,1486664201.00,Health Care
COLM,2901377945.00,Consumer Discretionary
COMM,4415465731.00,Technology
COMP,6094637405.00,Technology
CON,2486501919.00,Health Care
COO,15386234821.00,Health Care
COP,115453156098.00,Energy
COR,65432048727.00,Health Care
CORT,8746400244.00,Health Care
CORZ,5422972137.00,Finance
CORZW,3454082882.00,Finance
CORZZ,5457078880.00,Finance
COST,393738107125.00,Consumer Discretionary
COTY,2886238331.00,Consumer Discretionary
COUR,1367808000.00,Technology
CP,65832747604.00,Industrials
CPA,4836587141.00,Consumer Discretionary
CPAY,21007005056.00,Real Estate
CPB,8483847187.00,Consumer Staples
CPK,2973363992.00,Utilities
CPNG,49191618198.00,Consumer Discretionary
CPRI,3089385199.00,Consumer Discretionary
CPRT,37210599773.00,Consumer Discretionary
CPRX,2771674327.00,Health Care
CPT,10819341108.00,Real Estate
CQP,26385708480.00,Utilities
CR,10715900826.00,Industrials
CRAI,1248339100.00,Consumer Discretionary
CRBG,15973955305.00,Finance
CRC,3972968245.00,Energy
CRCL,20929070528.00,Finance
CRCT,1077782630.00,Technology
CRDO,30759775429.00,Technology
CRGY,2510667487.00,Energy
CRH,82790594344.00,Industrials
CRI,1157219809.00,Consumer Discretionary
CRK,7191564939.00,Energy
CRL,9153585451.00,Health Care
CRM,244575740000.00,Technology
CRML,1104280140.00,Basic Materials
CRNX,4545319136.00,Health Care
CRON,1029982888.00,Health Care
CROX,4450210118.00,Consumer Discretionary
CRS,14969559635.00,Industrials
CRSP,5435925290.00,Health Care
CRTO,1089869537.00,Consumer Discretionary
CRUS,6396659261.00,Technology
CRVL,3437132869.00,Finance
CRWD,130581949951.00,Technology
CRWV,45177465638.00,Technology
CSAN,2253607053.00,Consumer Discretionary
CSCO,314151528704.00,Telecommunications
CSGP,28790282193.00,Real Estate
CSGS,2180652733.00,Technology
CSIQ,1543469375.00,Technology
CSL,13343451211.00,Industrials
CSQ,3066531105.00,Finance
CSR,1019245617.00,Real Estate
CSTL,1116466207.00,Health Care
CSTM,2394994919.00,Industrials
CSW,5012353349.00,Industrials
CSWC,1281514055.00,Consumer Discretionary
CSX,67725921090.00,Industrials
CTAS,73601882076.00,Industrials
CTBI,1047095957.00,Finance
CTOS,1348029537.00,Consumer Discretionary
CTRA,20450601047.00,Energy
CTRE,8371529072.00,Real Estate
CTRI,2277396766.00,Utilities
CTS,1252449956.00,Technology
CTSH,39070231989.00,Technology
CTVA,44490194880.00,Consumer Staples
CUBE,8108957706.00,Real Estate
CUBI,2388348582.00,Finance
CUK,31853025183.00,Consumer Discretionary
CURB,2431896210.00,Finance
CUZ,4098358176.00,Real Estate
CVAC,1148611876.00,Health Care
CVBF,2686930096.00,Finance
CVCO,4447700334.00,Consumer Discretionary
CVE,31796089750.00,Energy
CVI,3265233856.00,Energy
CVLT,5387890093.00,Technology
CVNA,99271243863.00,Consumer Discretionary
CVS,99320397626.00,Consumer Staples
CVX,298987821939.00,Energy
CW,19876904868.00,Technology
CWAN,6116603489.00,Technology
CWEN,6718418032.00,Utilities
CWH,1053551156.00,Consumer Discretionary
CWK,3478700311.00,Finance
CWST,6134743516.00,Utilities
CWT,2521309638.00,Utilities
CX,15900142447.00,Industrials
CXM,1988290256.00,Technology
CXT,3251810069.00,Industrials
CXW,1964099821.00,Real Estate
CYBR,23222349515.00,Technology
CYD,1304136873.00,Industrials
CYTK,7531519626.00,Health Care
CZR,4753673992.00,Consumer Discretionary
D,49919770173.00,Utilities
DAC,1790946908.00,Consumer Discretionary
DAL,44016220191.00,Consumer Discretionary
DAN,2528360600.00,Consumer Discretionary
DAO,1107211246.00,Real Estate
DAR,5604532885.00,Consumer Staples
DASH,99125349385.00,Technology
DAVE,2629109725.00,Finance
DAY,11034410699.00,Technology
DB,72261421798.00,Finance
DBD,2352885434.00,Miscellaneous
DBRG,2754730329.00,Real Estate
DBX,7612110824.00,Technology
DCI,10398755700.00,Industrials
DCO,1355158535.00,Industrials
DCOM,1309368311.00,Finance
DCOMG,1023736858.00,Finance
DD,17014587908.00,Industrials
DDOG,53501836175.00,Technology
DDS,11118461478.00,Consumer Discretionary
DE,125124662381.00,Industrials
DEA,1001473992.00,Real Estate
DEC,1202771080.00,
DECK,14692536615.00,Consumer Discretionary
DEI,1959306090.00,Real Estate
DELL,92935416655.00,Technology
DEO,47533908583.00,Consumer Staples
DFH,1674222660.00,Consumer Discretionary
DFIN,1220705818.00,Consumer Discretionary
DG,27633723065.00,Consumer Discretionary
DGII,1723869056.00,Telecommunications
DGNX,1934681996.00,Technology
DGX,19981353062.00,Health Care
DHC,1181677175.00,Real Estate
DHCNI,4065417772.00,Real Estate
DHCNL,4367185718.00,Real Estate
DHI,43619241350.00,Consumer Discretionary
DHR,157678412948.00,Industrials
DHT,2010185885.00,Consumer Discretionary
DINO,9193732685.00,Energy
DIOD,2384206013.00,Technology
DIS,191061612299.00,Consumer Discretionary
DJT,3163973287.00,Technology
DJTWW,1338388700.00,Technology
DK,2158252815.00,Energy
DKL,2430684225.00,Energy
DKNG,17392171430.00,Consumer Discretionary
DKS,19612321819.00,Consumer Discretionary
DLB,6445692584.00,Miscellaneous
DLO,3930992623.00,Real Estate
DLR,55908312604.00,Real Estate
DLTR,23798749420.00,Consumer Discretionary
DMLP,1114218341.00,Energy
DNLI,2883371637.00,Health Care
DNN,2458576082.00,Basic Materials
DNOW,1464916926.00,Consumer Discretionary
DNTH,1868536734.00,Health Care
DOC,11459722581.00,Real Estate
DOCN,4548989300.00,Technology
DOCS,8496682370.00,Technology
DOCU,13896925429.00,Technology
DOLE,1395674959.00,Consumer Staples
DOO,5483237438.00,Consumer Discretionary
DORM,3782738448.00,Consumer Discretionary
DOV,26070084628.00,Industrials
DOW,16425834429.00,Industrials
DOX,8709507013.00,Technology
DPZ,14095272287.00,Consumer Discretionary
DQ,2251764490.00,Technology
DRD,2632672622.00,Basic Materials
DRH,1788513938.00,Real Estate
DRI,20604982938.00,Consumer Discretionary
DRS,9034267581.00,Industrials
DRVN,2419121547.00,Consumer Discretionary
DSGR,1281665311.00,Consumer Discretionary
DSGX,7892730483.00,Technology
DSL,1148484283.00,Finance
DT,13621240084.00,Technology
DTB,3565917316.00,Utilities
DTE,27050712313.00,Utilities
DTG,3553456335.00,Utilities
DTM,12131732731.00,Utilities
DTW,4361343252.00,Utilities
DUK,89617679454.00,Utilities
DUKB,19550403171.00,Utilities
DUOL,9665215802.00,Technology
DV,1762512921.00,Technology
DVA,8236902000.00,Health Care
DVAX,1278757902.00,Health Care
DVN,23461020000.00,Energy
DX,2011457907.00,Real Estate
DXC,2618974563.00,Technology
DXCM,2876157616.00,Health Care
DXPE,1601169095.00,Industrials
DY,10053830468.00,Industrials
DYN,2633687228.00,Health Care
E,61518507552.00,Energy
EA,50833637827.00,Consumer Discretionary
EAI,9347273201.00,Utilities
EAT,6225701846.00,Consumer Discretionary
EBAY,37918280000.00,Real Estate
EBC,4072616008.00,Finance
EC,20558347350.00,Energy
ECAT,1694475450.00,Finance
ECCC,1455900576.00,Finance
ECCF,27510762364.00,
ECCV,1437701819.00,Finance
ECCW,1473013474.00,Finance
ECCX,1525662479.00,Finance
ECG,4665061350.00,Consumer Discretionary
ECL,71740758548.00,Consumer Discretionary
ECO,1163495063.00,Consumer Discretionary
ECPG,1203060283.00,Finance
ED,34584849959.00,Utilities
EDN,1458486256.00,Utilities
EDU,21214128102.00,Real Estate
EE,3219094283.00,Utilities
EEFT,3117192649.00,Finance
EFC,1456283942.00,Finance
EFSC,2045963050.00,Finance
EFX,25582801614.00,Finance
EFXT,1857477130.00,Industrials
EG,13036705692.00,Finance
EH,1012826952.00,Industrials
EHC,10870550155.00,Health Care
EIX,21790490981.00,Utilities
EL,36987375034.00,Consumer Discretionary
ELAN,10150920753.00,Health Care
ELC,4396958322.00,Utilities
ELF,4617078579.00,Consumer Discretionary
ELME,1507555853.00,Real Estate
ELP,3315683543.00,Utilities
ELPC,3153468105.00,Utilities
ELS,11714993331.00,Real Estate
ELV,73296566425.00,Health Care
ELVN,1156679208.00,Health Care
ELVR,47731529001.00,Industrials
EMA,14150942000.00,Utilities
EMBJ,12045156019.00,Industrials
EME,27922260011.00,Industrials
EMN,6982212458.00,Industrials
EMP,9387466922.00,Utilities
EMR,75983450000.00,Technology
ENB,103697842642.00,Energy
ENIC,5367324839.00,Utilities
ENJ,9776006229.00,Utilities
ENLT,5199633686.00,Utilities
ENO,4824023886.00,Utilities
ENOV,1546400862.00,Health Care
ENPH,4128623819.00,Technology
ENR,1270739659.00,Miscellaneous
ENS,5431917398.00,Technology
ENSG,10087021712.00,Health Care
ENTG,14036644000.00,Industrials
ENVA,3401288544.00,Finance
ENVX,1935869556.00,Miscellaneous
EOG,59354845211.00,Energy
EOSE,4309225853.00,Miscellaneous
EPAC,1992106130.00,Technology
EPAM,11488807265.00,Technology
EPD,69940169547.00,Utilities
EPR,3860315289.00,Real Estate
EPRT,6158332676.00,Real Estate
EQH,13392507503.00,Finance
EQIX,72723482392.00,Real Estate
EQNR,67669967649.00,Energy
EQR,22847506996.00,Real Estate
EQT,36520400840.00,Energy
EQX,10994717042.00,Basic Materials
ERIC,32310629243.00,Technology
ERIE,12813552614.00,Finance
ERO,2537000003.00,Basic Materials
ES,25449079705.00,Utilities
ESAB,6654528983.00,Industrials
ESE,5115981983.00,Telecommunications
ESI,6381537732.00,Industrials
ESLT,22347541193.00,Industrials
ESNT,5960370128.00,Finance
ESRT,1165823598.00,Real Estate
ESS,16242694348.00,Real Estate
ESTA,2063399207.00,Health Care
ESTC,7870294432.00,Technology
ET,57234558856.00,Utilities
ETN,132739584000.00,Technology
ETOR,3404776160.00,Finance
ETR,41636229360.00,Utilities
ETSY,5443636341.00,Real Estate
ETV,1568000808.00,Finance
ETW,1005011698.00,Finance
EVCM,1788292769.00,Technology
EVER,1002091518.00,Technology
EVEX,1738039874.00,Industrials
EVGO,1040981638.00,Technology
EVLV,1155968439.00,Technology
EVR,13150188638.00,Finance
EVRG,16920739584.00,Utilities
EVTC,1799225609.00,Technology
EW,48327384000.00,Health Care
EWBC,15080758054.00,Finance
EWTX,2470969250.00,Health Care
EXAS,19183968923.00,Health Care
EXC,44210304228.00,Utilities
EXE,27975412610.00,Energy
EXEEL,26432072973.00,Energy
EXEL,11225856014.00,Health Care
EXK,2606412641.00,Basic Materials
EXLS,6357557453.00,Real Estate
EXP,6931248291.00,Industrials
EXPD,19796231718.00,Industrials
EXPE,32014070194.00,Consumer Discretionary
EXPI,1656667031.00,Finance
EXPO,3538002068.00,Consumer Discretionary
EXR,26889645910.00,Real Estate
EXTR,2414955731.00,Telecommunications
EYE,2286494557.00,Health Care
EYPT,1414005718.00,Industrials
EZPW,1245233670.00,Consumer Discretionary
F,52117241243.00,Industrials
FA,2374928027.00,Technology
FAF,6347351000.00,Finance
FANG,45319756366.00,Energy
FAST,46311760985.00,Consumer Discretionary
FBIN,5851939418.00,Basic Materials
FBK,3061261719.00,Finance
FBNC,2123024845.00,Finance
FBP,3193484583.00,Finance
FBYD,2636958771.00,Consumer Discretionary
FCF,1718364745.00,Finance
FCFS,6893754230.00,Consumer Discretionary
FCN,5143953262.00,Consumer Discretionary
FCNCA,24512711391.00,Finance
FCPT,2439886299.00,Real Estate
FCX,64329693568.00,Basic Materials
FDP,1756678550.00,Consumer Staples
FDS,10770941105.00,Technology
FDX,64918425985.00,Consumer Discretionary
FE,25862086897.00,Utilities
FELE,4105637543.00,Consumer Discretionary
FER,47856365813.00,Industrials
FERG,45520214863.00,Miscellaneous
FFBC,2563742638.00,Finance
FFIN,4449413589.00,Finance
FFIV,14985958620.00,Telecommunications
FG,4496292536.00,Finance
FGN,3229383814.00,Finance
FHB,3116496346.00,Finance
FHI,3937054438.00,Finance
FHN,11236433499.00,Finance
FIBK,3518858999.00,Finance
FICO,41530900539.00,Real Estate
FIG,19065413391.00,Technology
FIGR,8681718689.00,Finance
FIGS,1909829895.00,Consumer Discretionary
FIHL,2078984105.00,Finance
FINV,1307615523.00,Finance
FIS,33748334290.00,Real Estate
FISV,35611173438.00,Real Estate
FITB,29864511723.00,Finance
FITBI,17073933993.00,Finance
FITBO,12783967612.00,Finance
FITBP,16333600812.00,Finance
FIVE,9671243284.00,Consumer Discretionary
FIVN,1682427279.00,Technology
FIX,34693842740.00,Industrials
FIZZ,3229898487.00,Consumer Staples
FLEX,25330637468.00,Technology
FLG,5280099638.00,Finance
FLNC,4377875289.00,Miscellaneous
FLNG,1372206674.00,Consumer Discretionary
FLO,2236377403.00,Consumer Staples
FLOC,1600340733.00,Consumer Discretionary
FLR,6995320804.00,Industrials
FLS,9210789782.00,Industrials
FLUT,37839120624.00,Technology
FLY,3099026834.00,Industrials
FLYW,1634246587.00,Real Estate
FMC,1670181296.00,Industrials
FMS,13315102316.00,Health Care
FMX,35942097983.00,Consumer Staples
FN,17858072825.00,Utilities
FNB,6070415082.00,Finance
FND,6610838391.00,Consumer Discretionary
FNF,15424162211.00,Finance
FNV,39120256294.00,Basic Materials
FOLD,3026714106.00,Health Care
FOR,1268001400.00,Finance
FORM,4517696413.00,Technology
FORTY,2587153956.00,Technology
FOUR,5928626621.00,Real Estate
FOX,27613237246.00,Industrials
FOXA,31209173286.00,Industrials
FR,7577201717.00,Real Estate
FRA,1722669414.00,Finance
FRHC,8115922844.00,Finance
FRME,2144729992.00,Finance
FRMEP,1491885516.00,Finance
FRMI,9922650108.00,Real Estate
FRO,5064670725.00,Consumer Discretionary
FROG,8143472364.00,Technology
FRPT,3155458987.00,Consumer Staples
FRSH,3679731377.00,Technology
FRT,8362154105.00,Real Estate
FSCO,1253609288.00,Finance
FSK,4346631040.00,Finance
FSLR,27194029092.00,Technology
FSLY,1625472000.00,Technology
FSM,2916119867.00,Basic Materials
FSS,6650025981.00,Industrials
FSUN,1015940313.00,Finance
FSV,6850892809.00,Finance
FTAI,18593394115.00,Industrials
FTAIM,2749980119.00,Industrials
FTAIN,2594069273.00,Industrials
FTDR,3840748979.00,Consumer Discretionary
FTI,18551291144.00,Consumer Discretionary
FTNT,62094616517.00,Technology
FTRE,1329636000.00,Health Care
FTS,25411512000.00,Utilities
FTV,17046216504.00,Industrials
FUBO,3717027444.00,Consumer Discretionary
FUL,3112815562.00,Industrials
FULT,3424058391.00,Finance
FULTP,3496295910.00,Finance
FUN,1510953057.00,Consumer Discretionary
FUTU,24137872195.00,Finance
FWONA,21287117196.00,Industrials
FWONK,23130016923.00,Industrials
FWRG,1013132943.00,Consumer Discretionary
FYBR,9495320340.00,Telecommunications
G,7889683996.00,Consumer Discretionary
GAB,1824604893.00,Finance
GABC,1486549751.00,Finance
GAM,1397058795.00,Finance
GAP,9725753501.00,Consumer Discretionary
GATX,5881932000.00,Consumer Discretionary
GBCI,5497819111.00,Finance
GBDC,3778124538.00,Finance
GBTG,3973563349.00,Consumer Discretionary
GBX,1409679053.00,Industrials
GCMG,2163348230.00,Finance
GCT,1486346002.00,Consumer Discretionary
GD,90293160147.00,Industrials
GDDY,17046760667.00,Technology
GDS,7217585411.00,Technology
GDV,2444108106.00,Finance
GE,300948956947.00,Technology
GEF,3076644369.00,
GEHC,37821957784.00,Health Care
GEL,1907994074.00,Energy
GEMI,1345958534.00,Finance
GEN,16737675144.00,Technology
GENI,2578038200.00,Consumer Discretionary
GENVR,3422774394.00,Technology
GEO,2317634196.00,Consumer Discretionary
GEV,169656683013.00,
GFF,3379030295.00,Industrials
GFI,38566594803.00,Basic Materials
GFL,15848139693.00,Utilities
GFS,22094396407.00,Technology
GGAL,7886705814.00,Finance
GGB,7255031404.00,Industrials
GGG,13475745911.00,Industrials
GH,13008700796.00,Health Care
GHC,4718309468.00,Real Estate
GIB,19767515812.00,Consumer Discretionary
GIC,1096308493.00,Industrials
GIGGU,1648652834.00,Technology
GIII,1301080878.00,Consumer Discretionary
GIL,8500378530.00,Consumer Discretionary
GILD,148087519801.00,Health Care
GIS,24345125500.00,Consumer Staples
GJS,7279870640.00,Finance
GKOS,6138050664.00,Health Care
GL,10594735922.00,Finance
GLBE,6650241458.00,Technology
GLNG,4026919101.00,Consumer Discretionary
GLOB,3027691657.00,Technology
GLP,1500904106.00,Energy
GLPG,2084324356.00,Health Care
GLPI,11696734775.00,Real Estate
GLUE,1106350759.00,Health Care
GLW,78114105680.00,Industrials
GLXY,11503474219.00,Finance
GM,71979578139.00,Industrials
GMAB,20471696630.00,Health Care
GME,11380128548.00,Consumer Discretionary
GMED,11834059058.00,Health Care
GNL,1810855866.00,Real Estate
GNRC,9395905807.00,Consumer Discretionary
GNTX,5051013141.00,Consumer Discretionary
GNW,3510555184.00,Finance
GO,1117783050.00,Consumer Staples
GOLF,4888835159.00,Consumer Discretionary
GOODN,1137427143.00,Real Estate
GOOG,3834289250000.00,Technology
GOOGL,3826204360000.00,Technology
GOOS,1268715617.00,Consumer Discretionary
GPC,17601651565.00,Consumer Discretionary
GPCR,4049625694.00,Health Care
GPI,5187773320.00,Consumer Discretionary
GPK,4199601884.00,Consumer Discretionary
GPN,18347637990.00,Real Estate
GPOR,4037987844.00,Energy
GRAB,20981811055.00,Real Estate
GRABW,1448356084.00,Real Estate
GRAL,3799207454.00,Health Care
GRBK,2798186245.00,Consumer Discretionary
GRC,1229072850.00,Industrials
GRDN,1847062894.00,Consumer Staples
GRFS,6064234289.00,Health Care
GRMN,38897791165.00,Industrials
GRND,2479131904.00,Technology
GS,262911334172.00,Finance
GSAT,8655453371.00,Consumer Discretionary
GSBD,1146836615.00,Finance
GSHD,2737529261.00,Finance
GSK,96403031428.00,Health Care
GSL,1284356261.00,Consumer Discretionary
GT,2400890027.00,Consumer Discretionary
GTES,5563359622.00,Industrials
GTLB,6570968000.00,Technology
GTLS,9233336546.00,Industrials
GTM,3115925340.00,Technology
GTX,3212851197.00,Consumer Discretionary
GTY,1629516970.00,Finance
GVA,4732511967.00,Industrials
GWRE,16770032466.00,Technology
GWW,45584598395.00,Industrials
GXO,6002681182.00,Consumer Discretionary
H,14434332528.00,Consumer Discretionary
HAE,3924522900.00,Health Care
HAFN,2848500752.00,Consumer Discretionary
HAL,24053688514.00,Energy
HALO,7275726390.00,Health Care
HAS,11207314657.00,Consumer Discretionary
HASI,4148844463.00,Finance
HAYW,3396078323.00,Industrials
HBAN,26755905552.00,Finance
HBANL,40204724471.00,Finance
HBANM,35039370132.00,Finance
HBANP,27055118151.00,Finance
HBM,6960331587.00,Basic Materials
HBNB,1615651546.00,Consumer Discretionary
HCA,111472720150.00,Health Care
HCC,4248720008.00,Energy
HCI,2250640025.00,Finance
HCM,2393233574.00,Health Care
HCSG,1297085921.00,Health Care
HCXY,4636363430.00,Finance
HD,343720250426.00,Consumer Discretionary
HDB,180000992251.00,Finance
HDL,1085999330.00,Consumer Discretionary
HE,2071445712.00,Utilities
HEI,42556813307.00,Industrials
HESM,4492503364.00,Energy
HG,1738647578.00,
HGTY,4292903815.00,Finance
HGV,3577412149.00,Consumer Discretionary
HHH,5020911758.00,Real Estate
HI,2243526981.00,Consumer Discretionary
HIG,36235683972.00,Finance
HII,12359089638.00,Industrials
HIMS,9064963827.00,Health Care
HIMX,1631942153.00,Technology
HIW,2808889158.00,Real Estate
HL,11391677390.00,Industrials
HLF,1298615750.00,Health Care
HLI,12441400148.00,Finance
HLIO,1765748730.00,Industrials
HLIT,1172835707.00,Technology
HLMN,1716419851.00,Consumer Discretionary
HLN,41459624786.00,Consumer Discretionary
HLNE,7182499118.00,Finance
HLT,62583168446.00,Consumer Discretionary
HLX,1088398786.00,Energy
HMC,43160840050.00,Industrials
HMN,1805598880.00,Finance
HMY,12536662549.00,Basic Materials
HNGE,3894249411.00,Technology
HNI,1866248948.00,Consumer Discretionary
HOG,2583762544.00,Consumer Discretionary
HOLX,16693372525.00,Health Care
HOMB,5467809012.00,Finance
HON,120736500345.00,Industrials
HOOD,122028921412.00,Finance
HOPE,1402357400.00,Finance
HOUS,1648321231.00,Finance
HP,2928839097.00,Energy
HPE,32682778036.00,Technology
HPQ,23722732978.00,Technology
HQY,7967788032.00,Real Estate
HR,6019883156.00,Real Estate
HRB,5292163267.00,Consumer Discretionary
HRI,4748918976.00,Industrials
HRL,12999035381.00,Consumer Staples
HRMY,2235890618.00,Health Care
HROW,1791501602.00,Health Care
HSAI,2653327310.00,Industrials
HSBC,243167045938.00,Finance
HSIC,8763434633.00,Health Care
HSII,1226849942.00,Consumer Discretionary
HST,12000181443.00,Real Estate
HSY,36253924111.00,Consumer Staples
HTFB,1070029087.00,Finance
HTFC,1065770261.00,Finance
HTFL,2288214780.00,Health Care
HTGC,3438105979.00,Finance
HTH,2115221241.00,Finance
HTHT,14573467186.00,Consumer Discretionary
HTO,1667801046.00,Utilities
HTZ,1663906113.00,Consumer Discretionary
HUBB,23314602702.00,Technology
HUBG,2531755314.00,Industrials
HUBS,20210345576.00,Technology
HUM,30115173497.00,Health Care
HUN,1747935322.00,Industrials
HURN,2978463597.00,Consumer Discretionary
HUT,4851925143.00,Finance
HWC,5293546754.00,Finance
HWCPZ,1980723836.00,Finance
HWKN,2908965781.00,Consumer Discretionary
HWM,76938634456.00,Industrials
HXL,6090645496.00,Industrials
IAC,2857666489.00,Technology
IAG,8733054000.00,Basic Materials
IART,1026618023.00,Health Care
IAS,1725544558.00,Technology
IAUX,1074166564.00,Basic Materials
IBKR,29198071511.00,Finance
IBM,290216586759.00,Technology
IBN,108353167490.00,Finance
IBOC,4278740342.00,Finance
IBP,7213717441.00,Consumer Discretionary
IBRX,2186622697.00,Health Care
ICE,90093918216.00,Finance
ICFI,1532947746.00,Consumer Discretionary
ICL,6503828844.00,Industrials
ICLR,14640411149.00,Health Care
ICUI,3517355317.00,Health Care
IDA,6758895713.00,Utilities
IDCC,9347589386.00,Miscellaneous
IDT,1236572045.00,Telecommunications
IDXX,55820870750.00,Health Care
IDYA,2987671185.00,Health Care
IE,2230054714.00,Basic Materials
IEP,4591595155.00,Consumer Discretionary
IESC,9012988861.00,Industrials
IEX,12986377146.00,Industrials
IFF,16528460301.00,Industrials
IFS,4787616326.00,Finance
IGIC,1091636251.00,Finance
IHG,19938274115.00,Consumer Discretionary
IHS,2507475846.00,Telecommunications
IIPR,1433655401.00,Finance
ILMN,20189464000.00,Health Care
IMAX,2047049439.00,Consumer Discretionary
IMCR,1761956997.00,Health Care
IMKTA,1406723487.00,Consumer Staples
IMNM,1747997880.00,Health Care
IMO,45124066300.00,Energy
IMOS,1078800093.00,Technology
IMPPP,1192664999.00,Consumer Discretionary
IMTX,1351363396.00,Health Care
IMVT,3989293732.00,Health Care
INBX,1292792871.00,Health Care
INCY,18682068417.00,Health Care
INDB,3683095017.00,Finance
INDV,4492961218.00,Health Care
INFY,73737286324.00,Technology
ING,83689131290.00,Finance
INGM,5312642003.00,Technology
INGR,6751982960.00,Consumer Staples
INOD,1777841066.00,Technology
INSM,41411309476.00,Health Care
INSP,4083300670.00,Health Care
INSW,2446017175.00,Consumer Discretionary
INTA,3508091916.00,Technology
INTC,177268500000.00,Technology
INTR,3653941661.00,Finance
INTU,182560800000.00,Technology
INVA,1548467274.00,Health Care
INVH,15993707167.00,Finance
INVX,1591542694.00,Consumer Discretionary
IONQ,19286980934.00,Technology
IONS,12773300632.00,Health Care
IOSP,1882352905.00,Industrials
IOT,25119460754.00,Technology
IP,19843679953.00,Basic Materials
IPAR,2622894750.00,Consumer Discretionary
IPGP,3555306196.00,Technology
IPX,1119107619.00,Basic Materials
IQ,1954806461.00,Consumer Discretionary
IQV,37135618000.00,Health Care
IR,30968752760.00,Industrials
IRDM,1859235891.00,Telecommunications
IREN,15379524947.00,Technology
IRM,25154665684.00,Real Estate
IRMD,1230899055.00,Health Care
IRON,3462444859.00,Health Care
IRS,1151406393.00,Real Estate
IRT,3933408554.00,Real Estate
IRTC,5594209799.00,Health Care
ISRG,197854893223.00,Health Care
IT,16533055520.00,Consumer Discretionary
ITGR,2508751302.00,Health Care
ITRI,4418458260.00,Industrials
ITT,13299000000.00,Industrials
ITUB,74298394314.00,Finance
ITW,71547363000.00,Industrials
IVT,2219914268.00,Real Estate
IVZ,11812765566.00,Finance
IX,32318720761.00,Finance
J,16301884959.00,Industrials
JAMF,1730559664.00,Technology
JAZZ,9859747722.00,Health Care
JBGS,1055794356.00,Real Estate
JBHT,18069585520.00,Industrials
JBL,24368528196.00,Technology
JBLU,1804005171.00,Consumer Discretionary
JBS,30743092888.00,Consumer Staples
JBTM,7162174775.00,Industrials
JCAP,1248581932.00,Finance
JCI,70751174779.00,Industrials
JD,43162845848.00,Consumer Discretionary
JEF,12290180036.00,Finance
JHG,6905095438.00,Finance
JHX,8196644154.00,Industrials
JJSF,1741271083.00,Consumer Staples
JKHY,13040187872.00,Technology
JKS,1345128329.00,Technology
JLL,15345805891.00,Finance
JMIA,1494046465.00,Consumer Discretionary
JNJ,481762648596.00,Health Care
JOBY,14077932191.00,Industrials
JOE,3427715301.00,Real Estate
JOYY,3308914438.00,Technology
JPM,818067042270.00,Finance
JSM,1951841219.00,Finance
JXN,6841846309.00,Finance
K,29034977890.00,Consumer Staples
KAI,3316722816.00,Industrials
KALU,1683829895.00,Industrials
KAR,2875481840.00,Consumer Discretionary
KARO,1452602966.00,Technology
KB,32316462194.00,Finance
KBDC,1043035203.00,
KBH,3995333418.00,Consumer Discretionary
KBR,5536747781.00,Industrials
KC,3214512562.00,Technology
KD,6130095787.00,Technology
KDK,1377176179.00,Technology
KDP,39480425613.00,Consumer Staples
KEN,3168648704.00,Utilities
KEP,22211957064.00,Utilities
KEX,6061186000.00,Consumer Discretionary
KEY,21836533388.00,Finance
KEYS,36168866165.00,Industrials
KFY,3540058924.00,Consumer Discretionary
KGC,32483061000.00,Basic Materials
KGS,3206435981.00,Utilities
KHC,28679974679.00,Consumer Staples
KIM,13476182928.00,Real Estate
KKR,121027966010.00,Finance
KKRS,15500635800.00,Finance
KLAC,161035763376.00,Technology
KLAR,22064547787.00,Finance
KLIC,2565787000.00,Technology
KMB,34144912937.00,Consumer Discretionary
KMI,60780453855.00,Utilities
KMPB,1374674418.00,Finance
KMPR,2333092371.00,Finance
KMT,2116150112.00,Industrials
KMTS,1418805749.00,Health Care
KMX,5731362028.00,Consumer Discretionary
KN,1998514717.00,Consumer Staples
KNF,4205047685.00,Industrials
KNSA,3118237525.00,Health Care
KNSL,8654227106.00,Finance
KNTK,6001268608.00,Utilities
KNX,8081235420.00,Industrials
KO,301499763946.00,Consumer Staples
KOD,1328863121.00,Health Care
KOF,19256228495.00,Consumer Staples
KR,41682459535.00,Consumer Staples
KRC,4777184247.00,Real Estate
KRG,4899530169.00,Real Estate
KRMN,8435555231.00,Industrials
KRP,1364783554.00,Energy
KRYS,6803977858.00,Health Care
KSPI,13917903012.00,
KSS,2626348961.00,Consumer Discretionary
KT,9041735754.00,Telecommunications
KTB,3733111046.00,Industrials
KTOS,13005799737.00,Industrials
KVUE,32606952933.00,Consumer Discretionary
KVYO,8883230138.00,Technology
KW,1341809754.00,Finance
KWR,2316455276.00,Industrials
KYIV,3296731123.00,Telecommunications
KYMR,6250931466.00,Health Care
KYN,1658082035.00,Finance
L,21195005192.00,Finance
LAC,1599383278.00,Basic Materials
LAD,8048584957.00,Consumer Discretionary
LADR,1396715648.00,Real Estate
LAMR,13133455045.00,Real Estate
LASR,1924789665.00,Technology
LAUR,4465285609.00,Real Estate
LAZ,5787283286.00,Finance
LB,4374807276.00,Energy
LBRDA,6805710922.00,Telecommunications
LBRDK,6822929672.00,Telecommunications
LBRDP,3513256346.00,Telecommunications
LBRT,3198847302.00,Energy
LBTYA,3654052584.00,Telecommunications
LBTYB,3654052584.00,Telecommunications
LBTYK,3610271309.00,Telecommunications
LC,2214940662.00,Finance
LCID,4035897290.00,Industrials
LCII,2794386195.00,Consumer Discretionary
LDOS,23646814061.00,Technology
LEA,5525729317.00,Consumer Discretionary
LECO,13113288003.00,Industrials
LEG,1497925279.00,Consumer Discretionary
LEGN,4385541893.00,Health Care
LEN,29885857434.00,Consumer Discretionary
LEU,4820542750.00,Industrials
LEVI,8508359434.00,Consumer Discretionary
LFMDP,1111977452.00,Health Care
LFST,2520721821.00,Health Care
LFUS,6406955048.00,Energy
LGIH,1081717417.00,Consumer Discretionary
LGN,5106734318.00,Consumer Discretionary
LGND,3657454028.00,Health Care
LH,21393174000.00,Health Care
LHX,51882848172.00,Industrials
LI,18403162198.00,Industrials
LIF,5714613757.00,Technology
LII,17553576663.00,Industrials
LILA,1665664000.00,Telecommunications
LILAK,1677676000.00,Telecommunications
LIN,182287523293.00,Basic Materials
LINE,7896538129.00,Real Estate
LION,2216429252.00,Consumer Discretionary
LITE,25547397000.00,Telecommunications
LIVN,3386088729.00,Health Care
LKFN,1485261628.00,Finance
LKQ,7210562389.00,Consumer Discretionary
LLY,928574833801.00,Health Care
LLYVA,7441354008.00,Industrials
LLYVK,7647215845.00,Industrials
LMAT,1879534603.00,Health Care
LMND,5916455408.00,Finance
LMT,108037316974.00,Industrials
LNC,8192071227.00,Finance
LNG,42771454687.00,Utilities
LNN,1283973505.00,Industrials
LNT,16680213879.00,Utilities
LNTH,4037061106.00,Health Care
LOAR,6168784614.00,Industrials
LOB,1514218513.00,Finance
LOGI,17451096094.00,Technology
LOMA,1415530122.00,Industrials
LOPE,4335113780.00,Real Estate
LOW,136126090070.00,Consumer Discretionary
LPG,1047391887.00,Consumer Discretionary
LPL,4440000000.00,Technology
LPLA,29990897340.00,Finance
LPX,5840300639.00,Basic Materials
LQDA,2961326241.00,Health Care
LRCX,208262334300.00,Technology
LRN,2717480529.00,Real Estate
LSCC,10662499412.00,Technology
LSPD,1582794198.00,Technology
LSTR,4941172277.00,Industrials
LTC,1671734281.00,Real Estate
LTH,5623062069.00,Consumer Discretionary
LTM,15407121510.00,Consumer Discretionary
LU,2279263200.00,Finance
LUCK,1226009287.00,Consumer Discretionary
LULU,20682961987.00,Consumer Discretionary
LUMN,8717971790.00,Telecommunications
LUNR,2101354100.00,Industrials
LUV,19729466302.00,Consumer Discretionary
LUXE,1336467709.00,Consumer Discretionary
LVS,44915613971.00,Consumer Discretionary
LW,8114494910.00,Consumer Staples
LXP,2881035752.00,Real Estate
LYB,13769725400.00,Industrials
LYFT,8697917008.00,Real Estate
LYG,73956859431.00,Finance
LYV,32645464942.00,Consumer Discretionary
LZ,1708885287.00,Technology
LZB,1583960448.00,Consumer Discretionary
M,6060174800.00,Consumer Discretionary
MA,482717668092.00,Real Estate
MAA,15280338148.00,Real Estate
MAAS,1324030059.00,Finance
MAC,4528167725.00,Real Estate
MAIN,5607284316.00,Finance
MAN,1273635422.00,Consumer Discretionary
MANH,10499396957.00,Technology
MANU,2657128717.00,Consumer Discretionary
MAR,76168973493.00,Consumer Discretionary
MARA,4632758324.00,Technology
MAS,12692279399.00,Industrials
MASI,7445827610.00,Health Care
MAT,6278160000.00,Consumer Discretionary
MATX,3628420673.00,Consumer Discretionary
MAZE,1961348537.00,Health Care
MBC,1395840875.00,Consumer Discretionary
MBIN,1589832651.00,Finance
MBINL,1050863550.00,Finance
MBINM,1141127681.00,Finance
MBLY,2471107931.00,Technology
MBX,1287798021.00,Health Care
MC,5450341480.00,Finance
MCD,221330450437.00,Consumer Discretionary
MCHB,3207597925.00,Finance
MCHP,36128870853.00,Technology
MCHPP,33005088152.00,Technology
MCK,98125421017.00,Health Care
MCO,86768408000.00,Finance
MCRI,1751115421.00,Consumer Discretionary
MCW,1680425743.00,Consumer Discretionary
MCY,4983314771.00,Finance
MD,1822318131.00,Health Care
MDB,33701072146.00,Technology
MDGL,12580309766.00,Health Care
MDLZ,69821298002.00,Consumer Staples
MDT,127714255401.00,Health Care
MDU,3967070556.00,Industrials
MDXG,1033753070.00,Health Care
MEDP,15325766770.00,Health Care
MELI,105170290115.00,Real Estate
MENS,2166788510.00,Health Care
MEOH,3025522022.00,Industrials
MESO,2403469648.00,Health Care
MET,51274948670.00,Finance
META,1655885810125.00,Technology
METC,1098282698.00,Energy
MFAN,2564664176.00,Real Estate
MFAO,2574931046.00,Real Estate
MFC,59345233687.00,Finance
MFG,91216332669.00,Finance
MFIC,1114045247.00,Finance
MFICL,2358780877.00,Finance
MGA,13890624728.00,Consumer Discretionary
MGEE,2871823913.00,Energy
MGIC,1243194403.00,Technology
MGM,9816146132.00,Consumer Discretionary
MGNI,2227978448.00,Technology
MGRC,2528109407.00,Consumer Discretionary
MGY,4309360274.00,Energy
MH,3201185458.00,Consumer Discretionary
MHD,1742008535.00,Finance
MHK,6587684335.00,Consumer Discretionary
MHN,1536716325.00,Finance
MHO,3369235385.00,Consumer Discretionary
MIAX,3729724374.00,Finance
MICC,8883888813.00,Consumer Staples
MIDD,6497891250.00,Industrials
MIR,6395789988.00,Industrials
MIRM,3361139740.00,Health Care
MIY,1762835281.00,Finance
MKC,17036486833.00,Consumer Staples
MKL,26081275665.00,Finance
MKSI,11095725410.00,Industrials
MKTX,6436618325.00,Finance
MLCO,3748773591.00,Consumer Discretionary
MLI,12207058865.00,Industrials
MLKN,1079792838.00,Consumer Discretionary
MLM,36908574587.00,Industrials
MLYS,2906810584.00,Health Care
MMC,88801029141.00,Finance
MMI,1098006659.00,Finance
MMM,87699943174.00,Health Care
MMS,4455495888.00,Real Estate
MMSI,4944213781.00,Health Care
MMYT,7978628353.00,Consumer Discretionary
MNDY,8251174996.00,Technology
MNKD,1771795521.00,Health Care
MNMD,1231365988.00,Health Care
MNR,2058126750.00,Energy
MNSO,6152494093.00,Consumer Discretionary
MNST,71879450861.00,Consumer Staples
MO,97665110895.00,Health Care
MOD,8052598476.00,Consumer Discretionary
MODG,2087079280.00,Consumer Discretionary
MOH,8063632000.00,Health Care
MOMO,1121472887.00,Technology
MORN,8846479198.00,Finance
MOS,7557481551.00,Industrials
MP,10601927493.00,Basic Materials
MPC,57333910820.00,Energy
MPLX,56141996390.00,Energy
MPW,3278175000.00,Real Estate
MPWR,46132045650.00,Technology
MQ,2121278371.00,Technology
MQT,1490599959.00,Finance
MQY,1698867419.00,Finance
MRCY,4318795773.00,Technology
MRK,240483163513.00,Health Care
MRNA,11032789419.00,Health Care
MRP,5146108407.00,Finance
MRUS,7308383632.00,Health Care
MRVL,75396090000.00,Technology
MRX,2684408936.00,Finance
MS,284216184086.00,Finance
MSA,6178195226.00,Health Care
MSCI,40366463142.00,Real Estate
MSFT,3656878453813.00,Technology
MSGE,2501863520.00,Consumer Discretionary
MSGS,5435020041.00,Consumer Discretionary
MSI,61846867407.00,Technology
MSM,4526812933.00,Industrials
MSTR,54306982378.00,Technology
MT,33262697800.00,Industrials
MTB,30378519772.00,Finance
MTCH,8031107830.00,Technology
MTD,28015978042.00,Industrials
MTDR,5535015731.00,Energy
MTG,6217761862.00,Finance
MTH,4910867813.00,Consumer Discretionary
MTN,5229753636.00,Consumer Discretionary
MTRN,2113914967.00,Industrials
MTSI,14093394502.00,Technology
MTX,1828517909.00,Basic Materials
MTZ,17388186953.00,Industrials
MU,283332876555.00,Technology
MUA,1605147062.00,Finance
MUC,1593246064.00,Finance
MUE,1492087584.00,Finance
MUFG,188376967461.00,Finance
MUJ,1807464023.00,Finance
MUR,4650430397.00,Energy
MUSA,7248732233.00,Consumer Discretionary
MUX,1054196843.00,Basic Materials
MVF,1041337297.00,Finance
MVST,1132230777.00,Miscellaneous
MVT,1594733689.00,Finance
MWA,3769578248.00,Industrials
MXL,1699401621.00,Technology
MYD,1564981195.00,Finance
MYI,1630436682.00,Finance
MYRG,3512662106.00,Industrials
MZTI,4348834920.00,Consumer Staples
NABL,1427284759.00,Technology
NAK,1127168670.00,Basic Materials
NAMS,3945999979.00,Health Care
NAMSW,2731584468.00,Health Care
NAN,3470585384.00,Finance
NATL,2743321528.00,Miscellaneous
NAVI,1212983410.00,Finance
NAVN,3413326331.00,Technology
NBHC,1473041401.00,Finance
NBIS,22956072397.00,Technology
NBIX,15456377304.00,Health Care
NBTB,2212932664.00,Finance
NBTX,1008769121.00,Health Care
NCLH,8522420194.00,Consumer Discretionary
NCNO,2849921455.00,Technology
NCV,1397175377.00,Finance
NCZ,1067903958.00,Finance
NDAQ,51800705682.00,Finance
NDSN,13116130572.00,Industrials
NE,5122806688.00,Energy
NEE,165859035234.00,Technology
NEGG,1372193312.00,Consumer Discretionary
NEM,102676933882.00,Basic Materials
NEO,1526776052.00,Health Care
NEOG,1390711206.00,Health Care
NESR,1425320503.00,Energy
NET,73184243803.00,Technology
NEU,7043706766.00,Industrials
NEXA,1031696780.00,Basic Materials
NEXT,1686784969.00,Utilities
NFG,7401747455.00,Utilities
NFLX,409791540211.00,Consumer Discretionary
NG,3849529306.00,Basic Materials
NGD,6175260000.00,Basic Materials
NGG,74314019288.00,Utilities
NGL,1249681680.00,Utilities
NGVT,2015783994.00,Industrials
NHC,2076561462.00,Health Care
NHI,3733429402.00,Real Estate
NI,19774982722.00,Utilities
NIC,1887898224.00,Finance
NICE,6755715731.00,Technology
NIO,11297332708.00,Industrials
NIQ,4489900000.00,Technology
NJR,4531458238.00,Utilities
NKE,93614492319.00,Consumer Discretionary
NKTR,1195678601.00,Health Care
NLY,15224765760.00,Real Estate
NMAX,1172492401.00,Industrials
NMFC,1007832283.00,Finance
NMFCZ,2694123142.00,
NMIH,2883315979.00,Finance
NMM,1595213972.00,Consumer Discretionary
NMR,22999321308.00,Finance
NMRK,3083248036.00,Finance
NN,2205803880.00,Industrials
NNE,1504804556.00,Utilities
NNI,4661244716.00,Finance
NNN,7461988821.00,Real Estate
NNNN,4856328000.00,Health Care
NOC,78585950492.00,Industrials
NOG,2377608544.00,Energy
NOK,34644155132.00,Technology
NOMD,1860778111.00,Consumer Staples
NOV,5857931205.00,Consumer Discretionary
NOVT,4173525849.00,Miscellaneous
NOVTU,1931498891.00,Miscellaneous
NOW,177821280000.00,Technology
NP,3685534500.00,Finance
NPKI,1093361405.00,Consumer Discretionary
NPO,4535662111.00,Industrials
NRDS,1079791466.00,Technology
NRG,31955871284.00,Utilities
NRIX,1503071174.00,Health Care
NRP,1364391373.00,Energy
NSA,2248024004.00,Real Estate
NSC,64966657220.00,Industrials
NSIT,2631406969.00,Consumer Discretionary
NSP,1295137621.00,Consumer Discretionary
NSSC,1477572943.00,Telecommunications
NTAP,23232478820.00,Technology
NTB,2121620000.00,Finance
NTCT,1973775020.00,Technology
NTES,86596197320.00,Technology
NTLA,1077218312.00,Health Care
NTNX,12770988411.00,Technology
NTR,28352756839.00,Industrials
NTRA,32506546941.00,Health Care
NTRS,25224474677.00,Finance
NTRSO,3670768132.00,Finance
NTSK,8741834747.00,Technology
NTST,1473192348.00,Real Estate
NU,80375226115.00,Finance
NUE,36191708334.00,Industrials
NUTX,1191052093.00,Real Estate
NUVB,2742667464.00,Health Care
NUVL,7640748679.00,Health Care
NVA,1358904561.00,Basic Materials
NVAWW,82398878793.00,Basic Materials
NVAX,1082243307.00,Health Care
NVCR,1422171159.00,Health Care
NVDA,4494771000000.00,Technology
NVGS,1220010652.00,Consumer Discretionary
NVMI,9856479530.00,Technology
NVO,206997400000.00,Health Care
NVR,20779786811.00,Consumer Discretionary
NVRI,1459006637.00,Miscellaneous
NVS,258756442380.00,Health Care
NVST,3390468924.00,Health Care
NVT,17333242861.00,Industrials
NVTS,1970991868.00,Technology
NWBI,1798490643.00,Finance
NWE,4071286023.00,Utilities
NWG,65418420077.00,Finance
NWL,1525888000.00,Industrials
NWN,1912229425.00,Utilities
NWS,16530831555.00,Consumer Discretionary
NWSA,14571164363.00,Consumer Discretionary
NXE,6159419744.00,Basic Materials
NXPI,57394363112.00,Technology
NXST,6001856659.00,Industrials
NXT,13144100972.00,Industrials
NYAX,1665146321.00,Technology
NYT,10625742639.00,Consumer Discretionary
O,52480623893.00,Real Estate
OBDC,6817383482.00,Finance
OBK,1161764259.00,Finance
OC,9156981642.00,Industrials
OCFC,1123672391.00,Finance
OCS,1084873316.00,Health Care
OCSL,1213818507.00,Finance
OCUL,3398107178.00,Health Care
ODD,2475984706.00,Consumer Discretionary
ODFL,31132666583.00,Industrials
OFG,1786779652.00,Finance
OGE,8676879530.00,Utilities
OGN,1806881238.00,Health Care
OGS,4658325543.00,Utilities
OHI,13369731960.00,Real Estate
OI,2174898262.00,Consumer Discretionary
OII,2744816055.00,Energy
OKE,47167197513.00,Utilities
OKLO,16238758505.00,Utilities
OKTA,15559041102.00,Technology
OLED,5775907345.00,Technology
OLLI,6993649039.00,Consumer Discretionary
OLMA,1824980753.00,Health Care
OLN,2323514330.00,Industrials
OMAB,4937176086.00,Consumer Discretionary
OMC,14134116813.00,Consumer Discretionary
OMCL,1951679942.00,Technology
OMF,7590176238.00,Finance
ON,22223359695.00,Technology
ONB,8675160600.00,Finance
ONBPO,9799805294.00,Finance
ONBPP,9815240828.00,Finance
ONC,35265579855.00,Health Care
ONDS,3400882699.00,Technology
ONON,30029258112.00,Consumer Discretionary
ONTO,7969705053.00,Industrials
OPCH,5114367787.00,Health Care
OPEN,7067569962.00,Finance
OPENL,1030091169.00,Finance
OPENW,1535598872.00,Finance
OPK,1044073741.00,Health Care
OPRA,1237796811.00,Technology
OR,6534426400.00,Basic Materials
ORA,6755288363.00,Utilities
ORC,1090810430.00,Real Estate
ORCL,629524902420.00,Technology
ORI,10704687000.00,Finance
ORKA,1490520253.00,Health Care
ORLA,4197718317.00,Basic Materials
ORLY,79556810671.00,Consumer Discretionary
OS,4481260388.00,Technology
OSBC,1042850635.00,Finance
OSCR,4489040640.00,Health Care
OSIS,4419679899.00,Technology
OSK,7973839453.00,Industrials
OSW,1985012858.00,Consumer Discretionary
OTEX,8394488775.00,Technology
OTF,6865367091.00,
OTIS,33940353464.00,Technology
OTTR,3447986186.00,Utilities
OUST,1518732093.00,Industrials
OUT,3919977969.00,Real Estate
OVV,10492502141.00,Energy
OWL,25999053554.00,Finance
OXLC,2525880000.00,Finance
OXLCL,4211536000.00,Finance
OXLCN,4239312000.00,Finance
OXLCO,4077864000.00,Finance
OXLCP,4285316000.00,Finance
OXLCZ,4253200000.00,Finance
OXSQG,1523812854.00,Consumer Discretionary
OXY,40935493533.00,Energy
OZK,5275537835.00,Finance
OZKAP,1846381674.00,Finance
PAA,12261551243.00,Energy
PAAS,20431295270.00,Basic Materials
PAC,12140301531.00,Consumer Discretionary
PACS,4873863281.00,Health Care
PAG,10897614599.00,Consumer Discretionary
PAGP,3670824700.00,Energy
PAGS,3266419482.00,Technology
PAHC,1551626514.00,Health Care
PAM,4867516391.00,Utilities
PANW,135915000000.00,Technology
PAR,1442605277.00,Miscellaneous
PARR,2167041043.00,Energy
PATH,10078790860.00,Technology
PATK,3611454699.00,Consumer Discretionary
PAX,2489687424.00,Finance
PAY,4396269170.00,Real Estate
PAYC,9154967114.00,Technology
PAYO,2049531748.00,Real Estate
PAYX,40574465682.00,Industrials
PB,6672226280.00,Finance
PBA,22852617840.00,Energy
PBF,3643403875.00,Energy
PBH,2882155559.00,Health Care
PBI,1609181640.00,Miscellaneous
PBR,79394593814.00,Energy
PCAR,57200006739.00,Consumer Discretionary
PCG,40108053685.00,Utilities
PCH,3025169740.00,Real Estate
PCOR,12066015835.00,Technology
PCRX,1065636982.00,Health Care
PCT,1656022745.00,Industrials
PCTTU,1892082570.00,Industrials
PCTY,7989201884.00,Technology
PCVX,5856746207.00,Health Care
PD,1205947205.00,Technology
PDD,166297386559.00,Technology
PDFS,1249004634.00,Technology
PDI,4373189100.00,Finance
PDM,1029774429.00,Real Estate
PDO,1884821988.00,Finance
PEB,1271135089.00,Real Estate
PEBO,1081085720.00,Finance
PECO,4361486000.00,Real Estate
PEG,39597884916.00,Utilities
PEGA,10409098281.00,Technology
PEN,11245027504.00,Health Care
PENG,1153390690.00,Technology
PENN,1821527117.00,Consumer Discretionary
PEP,197772075246.00,Consumer Staples
PFBC,1358862602.00,Finance
PFE,144018972292.00,Health Care
PFG,19379193891.00,Finance
PFGC,14701137938.00,Consumer Discretionary
PFH,6211800000.00,Finance
PFS,2639878381.00,Finance
PFSI,6676004445.00,Finance
PG,326278105447.00,Consumer Discretionary
PGEN,1241923991.00,Health Care
PGNY,2131152087.00,Health Care
PGR,132731014369.00,Finance
PGRE,1460085070.00,Real Estate
PGY,2046565250.00,Finance
PH,108890288168.00,Industrials
PHAR,1163366767.00,Health Care
PHAT,1010877232.00,Health Care
PHG,24801502040.00,Health Care
PHI,4710015895.00,Telecommunications
PHIN,2136259394.00,Consumer Discretionary
PHM,23982572546.00,Consumer Discretionary
PHVS,1310015134.00,Health Care
PI,4711175884.00,Technology
PII,3768638311.00,Consumer Discretionary
PINS,18361660868.00,Technology
PIPR,6323146448.00,Finance
PJT,4250617726.00,Finance
PK,2130915643.00,Consumer Discretionary
PKG,17401564758.00,Consumer Discretionary
PKX,17830340557.00,Industrials
PL,3953731359.00,Technology
PLAB,1515828816.00,Technology
PLBL,3758999100.00,Consumer Discretionary
PLD,118384099150.00,Real Estate
PLMR,3123224402.00,Finance
PLNT,8981329771.00,Consumer Discretionary
PLPC,1106989528.00,Industrials
PLTK,1617040056.00,Technology
PLTR,433404063702.00,Technology
PLUG,3078295446.00,Energy
PLUS,2369452067.00,Technology
PLXS,4158869882.00,Technology
PM,234071768687.00,Health Care
PMT,1092058380.00,Real Estate
PMTU,2262431704.00,Real Estate
PNC,79274830870.00,Finance
PNFP,7507364851.00,Finance
PNFPP,1935507652.00,Finance
PNR,16668561897.00,Industrials
PNW,10413064713.00,Utilities
PODD,20696057392.00,Health Care
PONY,5045154253.00,Technology
POOL,8690677112.00,Consumer Discretionary
POR,5424217265.00,Utilities
POST,5057450762.00,Consumer Staples
POWI,2012576212.00,Technology
POWL,4172494160.00,Energy
POWWP,2822370931.00,Industrials
PPC,9045806782.00,Consumer Staples
PPG,22312092000.00,Consumer Discretionary
PPL,25003184183.00,Utilities
PPTA,3235719707.00,Basic Materials
PR,12265311386.00,Energy
PRA,1231870886.00,Finance
PRAX,6455101050.00,Health Care
PRCH,1238072446.00,Technology
PRCT,1955750615.00,Health Care
PRDO,1813893823.00,Real Estate
PRG,1199022380.00,Consumer Discretionary
PRGO,1833151800.00,Health Care
PRGS,1902092711.00,Technology
PRH,8676800000.00,Finance
PRI,8069656105.00,Finance
PRIM,7130109038.00,Industrials
PRK,2557408354.00,Finance
PRKS,1933273654.00,Health Care
PRLB,1213062106.00,Industrials
PRM,4274995392.00,Industrials
PRMB,5766005349.00,Consumer Staples
PRS,8458560000.00,Finance
PRU,43523466240.00,Finance
PRVA,2926206375.00,Health Care
PSA,46446814436.00,Real Estate
PSEC,1247914124.00,Finance
PSIX,1466785604.00,Industrials
PSKY,16150364543.00,Industrials
PSMT,3884571841.00,Consumer Discretionary
PSN,6938796003.00,Technology
PSNY,38598385122.00,Industrials
PSNYW,9369974300.00,Industrials
PSO,8455780075.00,Consumer Discretionary
PSTG,23053856789.00,Technology
PSX,56360608364.00,Energy
PTA,1070646862.00,Finance
PTC,20684855357.00,Technology
PTCT,5898781768.00,Health Care
PTEN,2396809592.00,Energy
PTGX,5536387381.00,Health Care
PTON,2828549815.00,Consumer Discretionary
PTRN,1951618076.00,Consumer Discretionary
PUK,37306488845.00,Finance
PUMP,1140684526.00,Energy
PVH,3662877806.00,Industrials
PVLA,1171694145.00,Health Care
PWP,1612770024.00,Finance
PWR,68289111611.00,Industrials
PX,1096850447.00,Finance
PXED,1179043486.00,Real Estate
PYPL,56868925703.00,Industrials
PZZA,1343054479.00,Consumer Discretionary
Q,17823223177.00,Technology
QBTS,9918950679.00,Technology
QCOM,188496000000.00,Technology
QCRH,1434148076.00,Finance
QDEL,1864041458.00,Health Care
QFIN,2592396000.00,Finance
QGEN,9846249607.00,Health Care
QLYS,5379821949.00,Technology
QRVO,8232565661.00,Technology
QS,7666704961.00,Miscellaneous
QSR,32263171630.00,Consumer Discretionary
QTWO,4620967370.00,Technology
QUBT,2960668846.00,Technology
QURE,1294420757.00,Health Care
QXO,14128513133.00,Consumer Discretionary
R,7524167111.00,Consumer Discretionary
RACE,90976283521.00,Industrials
RAL,5747456886.00,Industrials
RAMP,1876367921.00,Technology
RAPP,1365491604.00,Health Care
RARE,3502135755.00,Health Care
RBA,18385365118.00,Real Estate
RBC,13798394433.00,Industrials
RBCAA,1366052701.00,Finance
RBLX,69490625292.00,Technology
RBRK,18029952527.00,Technology
RCAT,1027785507.00,Technology
RCB,4039164346.00,Real Estate
RCC,4091749073.00,Real Estate
RCI,19761440669.00,Telecommunications
RCL,67720085207.00,Consumer Discretionary
RCUS,2706896548.00,Health Care
RDDT,44741845074.00,Technology
RDN,4655404067.00,Finance
RDNT,5861874439.00,Health Care
RDW,1203949208.00,Industrials
RDWR,1029599200.00,Real Estate
RDY,11532173144.00,Health Care
REAL,1658063256.00,Consumer Discretionary
REG,12398857299.00,Real Estate
REGCO,4129904083.00,Real Estate
REGCP,4388343165.00,Real Estate
REGN,72789786777.00,Health Care
RELX,72120070152.00,Real Estate
RELY,2957999924.00,Real Estate
RERE,1171621076.00,Consumer Discretionary
RES,1292566424.00,Energy
REVG,2715627231.00,Industrials
REX,1073440230.00,Industrials
REXR,9230932598.00,Real Estate
REYN,5024774574.00,Consumer Discretionary
REZI,5025930670.00,Industrials
RF,23184614554.00,Finance
RGA,12684084046.00,Finance
RGC,8208515873.00,Health Care
RGEN,9044234642.00,Health Care
RGLD,17144622518.00,Industrials
RGTI,9313335921.00,Technology
RGTIW,5501534720.00,Technology
RH,2962283412.00,Consumer Discretionary
RHI,2697629184.00,Consumer Discretionary
RHLD,1764881586.00,Finance
RHP,5781883871.00,Real Estate
RIG,4901413362.00,Energy
RIO,93319349054.00,Basic Materials
RIOT,5766729455.00,Finance
RITM,6107247303.00,Real Estate
RIVN,21710921267.00,Industrials
RJF,32437431770.00,Finance
RKLB,28539972872.00,Industrials
RKT,53473751328.00,Finance
RL,21559573139.00,Industrials
RLAY,1313783678.00,Health Care
RLI,5772007930.00,Finance
RLJ,1113497025.00,Real Estate
RLX,3675649934.00,Health Care
RMBS,11272045426.00,Technology
RMD,35983610797.00,Health Care
RNA,10743180405.00,Health Care
RNG,2628104747.00,Technology
RNR,12145708136.00,Finance
RNST,3416018683.00,Finance
RNW,2746162420.00,Utilities
ROAD,5856158557.00,Industrials
ROCK,1436955080.00,Industrials
ROG,1571665368.00,Industrials
ROIV,14208893694.00,Health Care
ROK,44977913676.00,Industrials
ROKU,15596676947.00,Telecommunications
ROL,28113317500.00,Consumer Discretionary
ROOT,1250797705.00,Finance
ROP,47428818968.00,Technology
ROST,57571553607.00,Consumer Discretionary
RPD,1060133763.00,Technology
RPM,13139854118.00,Consumer Discretionary
RPRX,21986999496.00,Health Care
RQI,1536396668.00,Finance
RRC,8894570420.00,Energy
RRR,5972359524.00,Consumer Discretionary
RRX,9882102826.00,Consumer Discretionary
RS,14673290427.00,Industrials
RSG,64797852543.00,Utilities
RSI,4400136967.00,Consumer Discretionary
RTO,7013682000.00,Consumer Discretionary
RTX,230518919988.00,Industrials
RUM,3144055318.00,Technology
RUMBW,1061064312.00,Technology
RUN,4146587431.00,Miscellaneous
RUSHA,4232540223.00,Consumer Discretionary
RUSHB,4238706736.00,Consumer Discretionary
RVLV,2025892246.00,Consumer Discretionary
RVMD,15042214027.00,Health Care
RVT,1778047096.00,Finance
RVTY,11199243842.00,Industrials
RWTN,3184066153.00,Real Estate
RWTO,3217664254.00,Real Estate
RXO,2381263263.00,Consumer Discretionary
RXRX,2479625280.00,Health Care
RY,228514596278.00,Finance
RYAAY,34831414494.00,Consumer Discretionary
RYAN,13921288528.00,Finance
RYN,3310385365.00,Real Estate
RYTM,6720988200.00,Health Care
RZB,1633645888.00,Finance
RZC,1685559816.00,Finance
RZLV,1026281530.00,Technology
S,5043655871.00,Technology
SA,3042577486.00,Basic Materials
SAFT,1132394926.00,Finance
SAH,2231134538.00,Consumer Discretionary
SAIA,8782746606.00,Industrials
SAIC,4392251205.00,Technology
SAIL,11065909605.00,Technology
SAM,2089146712.00,Consumer Staples
SAN,162058650030.00,Finance
SANA,1158692622.00,Health Care
SANM,8963209717.00,Technology
SAP,299914738158.00,Technology
SARO,8977181886.00,Industrials
SATA,74331331052.00,
SATS,26927950505.00,Consumer Discretionary
SBAC,20168256454.00,Real Estate
SBCF,3150066398.00,Finance
SBET,2281641016.00,Technology
SBGI,1053615835.00,Industrials
SBH,1512188769.00,Consumer Discretionary
SBLK,2335522968.00,Consumer Discretionary
SBR,1032363419.00,Energy
SBRA,4814942186.00,Real Estate
SBS,17101416897.00,Utilities
SBSW,8958745391.00,Basic Materials
SBUX,93560588000.00,Consumer Discretionary
SCCD,1152784713.00,Real Estate
SCCE,1102128465.00,Real Estate
SCCF,1110176654.00,Real Estate
SCCG,1112543768.00,Real Estate
SCCO,114031732932.00,Basic Materials
SCHW,167316366263.00,Finance
SCI,10792562521.00,Consumer Discretionary
SCL,1026903281.00,Consumer Discretionary
SCS,1851928940.00,Consumer Discretionary
SDGR,1309021772.00,Health Care
SDHC,1028556165.00,Consumer Discretionary
SDRL,2060218868.00,Energy
SE,76169284708.00,Consumer Discretionary
SEB,4200777987.00,Industrials
SEDG,1809549543.00,Technology
SEE,6101199850.00,Industrials
SEI,3675486182.00,Consumer Discretionary
SEIC,9986158280.00,Finance
SEM,1841167578.00,Health Care
SEMR,1766334736.00,Technology
SEPN,1141294154.00,Health Care
SEZL,2367151500.00,Real Estate
SF,12922015331.00,Finance
SFB,2161989271.00,Finance
SFBS,3980293044.00,Finance
SFD,8495165685.00,Consumer Staples
SFL,1156994145.00,Consumer Discretionary
SFM,8105032102.00,Consumer Staples
SFNC,2727926779.00,Finance
SGHC,5728873929.00,Consumer Discretionary
SGI,18921076653.00,Consumer Discretionary
SGML,1333266229.00,Basic Materials
SGRY,2251840372.00,Health Care
SHAK,3380919538.00,Consumer Discretionary
SHC,4747209554.00,Health Care
SHCO,1726863003.00,Consumer Discretionary
SHEL,210809712051.00,Energy
SHG,26979634967.00,Finance
SHLS,1352498417.00,Technology
SHO,1718623498.00,Consumer Discretionary
SHOO,3165706315.00,Consumer Discretionary
SHOP,208061827404.00,Technology
SHW,79608522765.00,Consumer Discretionary
SID,2214576891.00,Industrials
SIG,3549717565.00,Consumer Discretionary
SIGI,4720972415.00,Finance
SIGIP,1016933100.00,Finance
SII,2461836000.00,Finance
SILA,1214841626.00,Real Estate
SIM,4530141189.00,Industrials
SIMO,3213835672.00,Technology
SION,1856111293.00,Health Care
SIRI,7375748253.00,Consumer Discretionary
SITE,5593340542.00,Consumer Discretionary
SITM,9565619889.00,Technology
SJM,10605416104.00,Consumer Staples
SKE,2894130707.00,Basic Materials
SKM,7794345600.00,Telecommunications
SKT,3774457031.00,Real Estate
SKWD,1902906155.00,Finance
SKY,4716115003.00,Consumer Discretionary
SKYW,4151555728.00,Consumer Discretionary
SLAB,4645077469.00,Technology
SLB,57217275221.00,Energy
SLDE,2252131158.00,Finance
SLDP,1012424921.00,Miscellaneous
SLF,32932319601.00,Finance
SLG,3012207825.00,Real Estate
SLGN,4030178092.00,Industrials
SLI,1155643586.00,Industrials
SLM,5326718957.00,Finance
SLMBP,15057346210.00,Finance
SLNO,2686038350.00,Health Care
SLSR,1271754652.00,
SLVM,1895402631.00,Basic Materials
SM,2278482879.00,Energy
SMA,1803197110.00,Real Estate
SMCI,20905929078.00,Technology
SMFG,120806253738.00,Finance
SMG,3050556409.00,Industrials
SMMT,12670411997.00,Health Care
SMPL,1859353186.00,Consumer Staples
SMR,6454088067.00,Industrials
SMTC,7453176191.00,Technology
SN,15457866601.00,Consumer Discretionary
SNA,17831831069.00,Consumer Discretionary
SNAP,13617320199.00,Technology
SNDK,32162560663.00,Technology
SNDR,4540259459.00,Industrials
SNDX,1695708489.00,Health Care
SNEX,4985112079.00,Finance
SNN,14020446330.00,Health Care
SNOW,76173720000.00,Technology
SNPS,86531019317.00,Technology
SNV,7079681943.00,Finance
SNX,12561789134.00,Technology
SNY,117447165171.00,Health Care
SO,94133453028.00,Utilities
SOBO,5716476554.00,Energy
SOFI,33782058374.00,Finance
SOJC,23838027310.00,Utilities
SOJD,22066950984.00,Utilities
SOJE,19472324461.00,Basic Materials
SOLS,7522094140.00,Industrials
SOLV,13894883791.00,Health Care
SOMN,54229413518.00,Basic Materials
SON,4016336289.00,Consumer Discretionary
SONO,2303810873.00,Consumer Staples
SONY,166049063250.00,Consumer Staples
SOUN,5171380049.00,Technology
SOUNW,2159250716.00,Technology
SPB,1361843755.00,Miscellaneous
SPG,59107404363.00,Real Estate
SPGI,148593044000.00,Finance
SPH,1261619902.00,Consumer Discretionary
SPHR,3075872133.00,Consumer Discretionary
SPNS,2426623310.00,Technology
SPNT,2489319978.00,Finance
SPOT,120200932655.00,Consumer Discretionary
SPSC,3225635901.00,Technology
SPXC,10431582140.00,Industrials
SQM,17966618123.00,Industrials
SR,4851163060.00,Utilities
SRAD,7037308261.00,Technology
SRCE,1566264526.00,Finance
SRE,57644831935.00,Utilities
SREA,14036844049.00,Utilities
SRPT,2323131936.00,Health Care
SRRK,4552592806.00,Health Care
SSB,9286614203.00,Finance
SSD,6839536597.00,Consumer Discretionary
SSII,1167535528.00,Health Care
SSL,4026125645.00,Energy
SSNC,21062005153.00,Technology
SSRM,4344224375.00,Industrials
ST,5011348484.00,Industrials
STAA,1262699477.00,Health Care
STAG,7156262682.00,Real Estate
STBA,1561006900.00,Finance
STC,2030073265.00,Finance
STE,25250281005.00,Health Care
STEL,1612917936.00,Finance
STEP,7639464410.00,Finance
STGW,1442116361.00,Consumer Discretionary
STLA,33644149819.00,Industrials
STLD,24158546724.00,Industrials
STM,23298670084.00,Technology
STN,10803285096.00,Consumer Discretionary
STNE,3969945370.00,Technology
STNG,2731932344.00,Consumer Discretionary
STOK,1740359561.00,Health Care
STRA,1837827859.00,Real Estate
STRC,28473881601.00,Technology
STRD,23183699340.00,Technology
STRF,31551440103.00,Technology
STRK,24718168285.00,Technology
STRL,9956148789.00,Industrials
STT,35238056926.00,Finance
STUB,4523118273.00,Consumer Discretionary
STVN,6447517591.00,Health Care
STWD,6751140128.00,Real Estate
STX,60407047843.00,Technology
STZ,25091661982.00,Consumer Staples
SU,52603468224.00,Energy
SUI,15216158583.00,Real Estate
SUN,8126644867.00,Energy
SUNC,10147280101.00,
SUPN,2604353277.00,Health Care
SUZ,11718370291.00,Basic Materials
SVM,1804349416.00,Basic Materials
SVRA,1312367600.00,Health Care
SVV,1535715843.00,Consumer Discretionary
SW,18438518872.00,Consumer Discretionary
SWK,11133131212.00,Consumer Discretionary
SWKS,10276218444.00,Technology
SWX,5774712240.00,Utilities
SXI,2799753789.00,Industrials
SXT,3936377487.00,Industrials
SYBT,1979732174.00,Finance
SYF,29177460649.00,Finance
SYK,133553810591.00,Health Care
SYM,37197277619.00,Industrials
SYNA,3100100704.00,Technology
SYRE,2613302938.00,Health Care
SYY,34760524055.00,Consumer Discretionary
T,173762407122.00,Telecommunications
TAC,4346475000.00,Utilities
TAK,44880487904.00,Health Care
TAL,6899345303.00,Real Estate
TALO,2014366948.00,Energy
TAP,8495070305.00,Consumer Staples
TARS,3376826303.00,Health Care
TASK,1103999152.00,Technology
TBB,159453596204.00,Telecommunications
TBBB,3992737146.00,Consumer Staples
TBBK,2911299494.00,Finance
TBLA,1204773670.00,Technology
TCBI,4255807865.00,Finance
TCBK,1565760968.00,Finance
TCOM,45807342676.00,Real Estate
TD,152180164560.00,Finance
TDC,2926480000.00,Technology
TDG,74229020084.00,Industrials
TDOC,1366545219.00,Health Care
TDS,4371675000.00,Telecommunications
TDUP,1062454672.00,Consumer Discretionary
TDW,2884080106.00,Consumer Discretionary
TDY,24083039272.00,Industrials
TE,1429221935.00,Miscellaneous
TEAM,42468762328.00,Technology
TECH,9164903073.00,Health Care
TECK,21837186000.00,Industrials
TEF,23701275296.00,Telecommunications
TEL,69487499905.00,Technology
TEM,13499602813.00,Technology
TENB,3169783705.00,Technology
TEO,5173158600.00,Telecommunications
TER,31316962351.00,Industrials
TERN,3834696277.00,Health Care
TEVA,32766388543.00,Health Care
TEX,3208496000.00,Industrials
TFC,61301483223.00,Finance
TFII,8122629429.00,Industrials
TFIN,1386832082.00,Finance
TFPM,6909482376.00,Industrials
TFSL,3831808331.00,Finance
TFX,5800516050.00,Health Care
TGB,1884948358.00,Basic Materials
TGLS,2405311886.00,Consumer Discretionary
TGNA,3148660225.00,Industrials
TGS,4700240059.00,Utilities
TGT,42391736853.00,Consumer Discretionary
TGTX,4831050094.00,Health Care
THC,17752770000.00,Health Care
THG,6368106197.00,Finance
THO,5472500430.00,Industrials
THR,1275180112.00,Energy
THRM,1103178849.00,Consumer Discretionary
THS,1199375000.00,Consumer Staples
TIC,2146046007.00,Real Estate
TIGO,8799284075.00,Telecommunications
TIGR,1740000810.00,Finance
TILE,1587640876.00,Consumer Discretionary
TIMB,10423983746.00,Telecommunications
TJX,170656583160.00,Consumer Discretionary
TKC,5271200000.00,Telecommunications
TKO,38452411376.00,Consumer Discretionary
TKR,5792558698.00,Industrials
TLK,21278564126.00,Telecommunications
TLN,15916725519.00,Utilities
TLX,3220049546.00,Health Care
TM,256202687104.00,Industrials
TMC,3200428428.00,Basic Materials
TMDX,4606699010.00,Health Care
TME,28468864784.00,Consumer Discretionary
TMHC,5943636750.00,Consumer Discretionary
TMO,211549936781.00,Industrials
TMP,1047177213.00,Finance
TMUS,225211309145.00,Telecommunications
TNC,1332077462.00,Industrials
TNDM,1385880218.00,Health Care
TNET,2678653233.00,Real Estate
TNGX,1227497262.00,Health Care
TNK,1851480501.00,Consumer Discretionary
TNL,4383761562.00,Consumer Discretionary
TOL,12817011340.00,Consumer Discretionary
TOST,20333040000.00,Technology
TOWN,2566089979.00,Finance
TPB,1955896838.00,Consumer Discretionary
TPC,3617659380.00,Consumer Discretionary
TPG,24756045077.00,Finance
TPGXL,9149830437.00,
TPH,2810679352.00,Consumer Discretionary
TPL,20240723916.00,Energy
TPR,24191647184.00,Consumer Discretionary
TR,2712913037.00,Consumer Staples
TREX,3657388134.00,Basic Materials
TRGP,39430631621.00,Utilities
TRI,57228985953.00,Consumer Discretionary
TRIN,1148116495.00,Finance
TRINI,1801455811.00,Finance
TRINZ,1797933071.00,Finance
TRIP,1775837669.00,Technology
TRMB,19376283145.00,Industrials
TRMD,2021816434.00,Consumer Discretionary
TRMK,2353361509.00,Finance
TRN,2228216734.00,Industrials
TRNO,6331923334.00,Finance
TROW,22995632690.00,Finance
TRP,56349330000.00,Utilities
TRS,1373010766.00,Industrials
TRU,15770982000.00,Finance
TRUP,1659241479.00,Health Care
TRV,62270383490.00,Finance
TRVI,1665709441.00,Health Care
TS,22010725498.00,Industrials
TSAT,1170941428.00,Industrials
TSCO,27661928198.00,Consumer Discretionary
TSEM,13857821252.00,Technology
TSHA,1454511871.00,Health Care
TSLA,1480554918573.00,Industrials
TSLX,2130838009.00,Finance
TSM,1573650118470.00,Technology
TSN,19739254172.00,Consumer Staples
TT,88473862596.00,Industrials
TTAM,2938737692.00,Industrials
TTAN,10133271308.00,Technology
TTC,6821969989.00,Consumer Discretionary
TTD,19053637760.00,Technology
TTE,142999222634.00,Energy
TTEK,8800344683.00,Consumer Discretionary
TTI,1183658419.00,Energy
TTMI,7929599837.00,Technology
TTWO,45960038883.00,Consumer Discretionary
TU,20603880000.00,Telecommunications
TUYA,1402360483.00,Technology
TV,5328900000.00,Industrials
TVTX,3087690005.00,Health Care
TW,25305552193.00,Finance
TWFG,1576413983.00,Finance
TWLO,19656601854.00,Technology
TWO,1046765971.00,Real Estate
TWST,1931054661.00,Health Care
TX,7469674057.00,Industrials
TXG,2257706430.00,Industrials
TXN,163116004550.00,Technology
TXNM,6344668987.00,Utilities
TXRH,10910795731.00,Consumer Discretionary
TXT,14785198970.00,Industrials
TY,1881085860.00,Finance
TYL,19507050766.00,Technology
TYRA,1180590808.00,Health Care
U,21168848343.00,Technology
UA,1750663065.00,Consumer Discretionary
UAA,1826963150.00,Consumer Discretionary
UAL,34219105437.00,Consumer Discretionary
UBER,185072352036.00,Real Estate
UBS,131088534614.00,Finance
UBSI,5352680487.00,Finance
UCB,3818102417.00,Finance
UCTT,1236798148.00,Technology
UDR,11533955118.00,Real Estate
UE,2396253953.00,Finance
UEC,6487271539.00,Basic Materials
UFPI,5113236550.00,Basic Materials
UFPT,1620153111.00,Health Care
UGI,8098428716.00,Utilities
UGP,4241724565.00,Utilities
UHAL,9976442534.00,Consumer Discretionary
UHS,14080428220.00,Health Care
UI,35322723572.00,Technology
UL,157020861637.00,Consumer Discretionary
ULCC,1254651009.00,Consumer Discretionary
ULS,15582468457.00,Health Care
ULTA,26749058851.00,Consumer Discretionary
UMBF,8655033507.00,Finance
UMBFO,2031787155.00,Finance
UMC,20323239143.00,Technology
UMH,1302324638.00,Real Estate
UNF,3258691120.00,Consumer Discretionary
UNFI,2100319732.00,Consumer Discretionary
UNH,293129377432.00,Health Care
UNIT,1546565023.00,Real Estate
UNM,12278768519.00,Finance
UNMA,3978517286.00,Finance
UNP,137352335457.00,Industrials
UPB,1532804634.00,Health Care
UPBD,1053305247.00,Consumer Discretionary
UPS,82267951535.00,Industrials
UPST,4523821506.00,Finance
UPWK,2741139445.00,Technology
URBN,6896872684.00,Consumer Discretionary
URGN,1062561848.00,Health Care
URI,50261453115.00,Consumer Discretionary
USAC,2968988398.00,Utilities
USAR,2322501203.00,Basic Materials
USAS,1354466535.00,Basic Materials
USB,80162164835.00,Finance
USFD,16800864808.00,Consumer Discretionary
USLM,3483696494.00,Industrials
USPH,1159466115.00,Health Care
UTHR,20510441500.00,Health Care
UTI,1331354596.00,Real Estate
UTZ,1367158467.00,Consumer Staples
UUUU,3654216227.00,Industrials
UVV,1315836984.00,Industrials
UWMC,8879365802.00,Finance
UZD,1741500000.00,Telecommunications
UZE,1553160000.00,Telecommunications
UZF,1544560000.00,Telecommunications
V,628749250701.00,Real Estate
VAC,1843887301.00,Finance
VAL,4102972084.00,Energy
VALE,54640368474.00,Basic Materials
VC,2726136467.00,Consumer Discretionary
VCEL,1941031118.00,Health Care
VCTR,4096778108.00,Finance
VCYT,3465515744.00,Health Care
VECO,1940842573.00,Technology
VEEV,38136590360.00,Technology
VEON,3730927106.00,Telecommunications
VERA,2855027428.00,Health Care
VERX,3129938654.00,Technology
VET,1379371660.00,Energy
VFC,7099468853.00,Industrials
VFS,7647917451.00,Industrials
VG,16230973251.00,Utilities
VIA,2635441283.00,Technology
VIAV,4227386352.00,Technology
VICI,29670203659.00,Real Estate
VICR,4434006358.00,Technology
VIK,30018757689.00,Consumer Discretionary
VIPS,11948531717.00,Consumer Discretionary
VIRT,5439564412.00,Finance
VIST,4873850921.00,Energy
VITL,1492334752.00,Consumer Staples
VIV,19926861899.00,Telecommunications
VKTX,4213994904.00,Health Care
VLO,53474272377.00,Energy
VLTO,24434941721.00,Industrials
VLY,6390503495.00,Finance
VLYPN,14398150108.00,Finance
VLYPO,14147214106.00,Finance
VLYPP,14211230669.00,Finance
VMC,38455378591.00,Industrials
VMI,8152104611.00,Industrials
VNET,2561126578.00,Technology
VNO,6629732801.00,Real Estate
VNOM,14506190046.00,Energy
VNT,5197482000.00,Industrials
VOD,29698760475.00,Telecommunications
VOYA,6781309964.00,Finance
VOYG,1512513637.00,Industrials
VRDN,3035055854.00,Health Care
VRE,1333194371.00,Real Estate
VRNS,3828125591.00,Technology
VRRM,3387553210.00,Consumer Discretionary
VRSK,30108656297.00,Industrials
VRSN,22486239000.00,Technology
VRT,68201508273.00,Technology
VRTS,1099211870.00,Finance
VRTX,110877666335.00,Health Care
VSAT,4885734524.00,Technology
VSCO,4198867414.00,Consumer Discretionary
VSEC,3368773889.00,Consumer Discretionary
VSH,2081281863.00,Technology
VST,55841829007.00,Utilities
VTLE,1553932455.00,Energy
VTMX,2814435852.00,Finance
VTOL,1051242000.00,Consumer Discretionary
VTR,37583323248.00,Real Estate
VTRS,12888304868.00,Health Care
VVV,3814730220.00,Industrials
VVX,1732537460.00,Consumer Discretionary
VYX,1337886072.00,Miscellaneous
VZ,169247319128.00,Telecommunications
VZLA,1785848862.00,Basic Materials
W,12280453992.00,Consumer Discretionary
WAB,35836045329.00,Industrials
WABC,1179333312.00,Finance
WAFD,2453665054.00,Finance
WAFDP,1301616004.00,Finance
WAL,9119046848.00,Finance
WAT,22989935198.00,Industrials
WAY,5821763621.00,Technology
WB,2445804547.00,Technology
WBD,70027559624.00,Consumer Discretionary
WBI,2691319000.00,Energy
WBS,10108063164.00,Finance
WBTN,1767951940.00,Consumer Discretionary
WCC,12929681472.00,Consumer Discretionary
WCN,43355919631.00,Utilities
WD,2123564223.00,Finance
WDAY,58451750000.00,Technology
WDC,57965604101.00,Technology
WDFC,2580569805.00,Industrials
WDS,31291396226.00,Energy
WEC,34038790529.00,Utilities
WELL,134383030819.00,Real Estate
WEN,1553172613.00,Consumer Discretionary
WERN,1742857134.00,Industrials
WES,15854713874.00,Utilities
WEX,5144650291.00,Real Estate
WF,14205540531.00,Finance
WFC,279033224938.00,Finance
WFG,4663596570.00,Basic Materials
WFRD,5745575643.00,Consumer Discretionary
WGO,1094141190.00,Industrials
WGS,4648436164.00,Technology
WH,5467694260.00,Consumer Discretionary
WHD,3649029105.00,Consumer Discretionary
WHR,4189250478.00,Consumer Discretionary
WINA,1504432096.00,Consumer Discretionary
WING,6876968496.00,Consumer Discretionary
WIT,29950309100.00,Technology
WIX,5883569310.00,Technology
WK,5107652459.00,Technology
WKC,1348411421.00,Energy
WLDN,1522040324.00,Consumer Discretionary
WLK,8779019177.00,Industrials
WLY,1621952039.00,Consumer Discretionary
WLYB,1614593864.00,Consumer Discretionary
WM,84324102445.00,Utilities
WMB,75166021264.00,Utilities
WMG,14423548459.00,Consumer Discretionary
WMK,1650217174.00,Consumer Staples
WMS,11260297718.00,Consumer Discretionary
WMT,917047410878.00,Consumer Discretionary
WOR,2775779980.00,Industrials
WPC,14253192361.00,Real Estate
WPM,49610955202.00,Basic Materials
WPP,4565491588.00,Consumer Discretionary
WRB,25438617388.00,Finance
WRBY,2836666958.00,Health Care
WRD,2535152544.00,Technology
WS,1815248465.00,Industrials
WSBC,3183903253.00,Finance
WSBCO,2473167685.00,Finance
WSC,3789928702.00,Industrials
WSFS,3050371195.00,Finance
WSHP,2216989319.00,Consumer Discretionary
WSM,21545830721.00,Consumer Discretionary
WSO,13748493212.00,Consumer Discretionary
WST,19141983631.00,Health Care
WT,1661845095.00,Finance
WTFC,9118792873.00,Finance
WTFCN,1764690013.00,Finance
WTM,5154082738.00,Finance
WTRG,10535178647.00,Utilities
WTS,8915902842.00,Industrials
WTTR,1346962320.00,Energy
WTW,30852118081.00,Finance
WU,2901923983.00,Real Estate
WULF,6527250525.00,Technology
WVE,3562643817.00,Health Care
WWD,17227896246.00,Energy
WWW,1435257876.00,Consumer Discretionary
WY,15945445320.00,Real Estate
WYNN,12915709781.00,Consumer Discretionary
XEL,44791391612.00,Utilities
XENE,3363008218.00,Health Care
XERS,1163129266.00,Health Care
XHR,1307371265.00,Consumer Discretionary
XMTR,3138918930.00,Real Estate
XNCR,1200409984.00,Health Care
XNET,2260987400.00,Technology
XOM,498679833856.00,Energy
XP,9705866983.00,Finance
XPEL,1350162157.00,Industrials
XPEV,18823942650.00,Industrials
XPO,16755429701.00,Consumer Discretionary
XPRO,1669338189.00,Energy
XRAY,2217022376.00,Health Care
XYL,33343088178.00,Industrials
XYZ,37413934050.00,Technology
XZO,1584037518.00,Finance
YALA,1112203122.00,Technology
YELP,1839225391.00,Consumer Discretionary
YETI,3379984429.00,Consumer Discretionary
YEXT,1037653831.00,Technology
YMM,11996406394.00,Technology
YOU,4693900646.00,Technology
YPF,14053066094.00,Energy
YUM,39715460660.00,Consumer Discretionary
YUMC,16628898082.00,Consumer Discretionary
Z,18054556492.00,Real Estate
ZBH,18286212080.00,Health Care
ZBIO,2049202162.00,Health Care
ZBRA,13437122588.00,Industrials
ZD,1379510130.00,Telecommunications
ZETA,4584046879.00,Technology
ZG,17512363081.00,Real Estate
ZGN,2578840565.00,Consumer Discretionary
ZIM,2393490724.00,Consumer Discretionary
ZION,8282662007.00,Finance
ZIONP,3041405300.00,Finance
ZK,6804856742.00,Industrials
ZLAB,2068103312.00,Health Care
ZM,25947327913.00,Technology
ZS,38753098256.00,Technology
ZTO,16805346756.00,Industrials
ZTS,51010239521.00,Health Care
ZWS,7686423071.00,Industrials
ZYME,1931156760.00,Health Care
